Individual_Address,Individual Telephone Number,Individual_Gender,Individual_Legal_Sex,Individual_Location
"Studio 86M
Shane bypass
Port Aliceview
HR5W 9UD",457002591,Female,Male,Kentport
"210 Aimee crossroad
Hazeltown
N3 7UE",1292746699,Male,Male,Port Adam
"Flat 3
Cooper expressway
Bruceview
SK4V 4ZL",6722487716,Female,Male,Ruthstad
"868 Kim spur
West Jaymouth
LD5H 7ZP",4222313119,Male,Female,Port Joannaland
"Studio 29
Hall cove
East Melissa
NP0A 7GS",1534607368,Female,Male,Smithhaven
"023 Janet lodge
East Jeffrey
WF0M 2AU",4441914202,Male,Male,Bellton
"Flat 40d
Russell walks
Barnesmouth
CT05 0UA",6137564878,Male,Female,North Christiantown
"Studio 6
Martin knolls
Hugheston
B0H 0RL",8548172986,Female,Female,South Beth
"Flat 0
Barnes roads
East Thomas
N10 5AY",6151259306,Female,Male,Nicholasmouth
"488 Danny field
New Janice
W9K 9PE",3623438970,Female,Male,Traceymouth
"79 Grace underpass
Fitzgeraldfort
M41 6HN",2930376551,Male,Male,Dixonland
"66 Murphy course
East Charles
WR70 0QL",6625875678,Male,Female,North Annette
"87 Julian club
Martinbury
WN3 2FR",4088009866,Female,Female,Franklinmouth
"Flat 80
Humphries forge
North Samuel
CM4X 5YU",4251578938,Male,Male,Victorfurt
"Studio 60J
Max mission
Gordonshire
L4B 2UY",4713627702,Female,Male,Port Sara
"708 Barker mountains
New Joanneview
BH8 8HW",2754351091,Male,Male,East Patrickhaven
"4 Zoe mountain
New Andrewshire
E7G 5EF",4079845606,Male,Female,Lyndafort
"789 Shah isle
Smithside
KY5 7EU",6051338108,Female,Male,Halefort
"Flat 41E
Harriet curve
Rickymouth
G0E 9QS",6955571140,Male,Female,East Anthonyville
"Flat 0
Mitchell common
Lake Denis
NG5V 3RH",8155128303,Female,Female,Jenkinsstad
"Flat 51E
Smart square
East Carol
B90 4ZB",443892950,Female,Female,Port Carl
"9 Charlene highway
South Sarahchester
N5B 2TT",4255532446,Female,Male,West Francescaborough
"696 Smith plains
East Lyndatown
G0 9TS",5670180403,Male,Male,Lynnehaven
"07 Sylvia avenue
Kirkstad
E08 4WH",9836896864,Male,Female,South Andrewview
"5 Willis pines
Kingberg
JE7A 2PW",3645891589,Male,Male,West Terry
"4 Hollie knolls
East Clive
W6B 0LW",4702287344,Female,Male,Lake Liam
"189 Stuart lodge
Katyfort
BR5 1FU",6202460215,Female,Male,Lake Christianmouth
"92 Sanders place
Sharpfort
W37 6RN",545438275,Female,Female,East Joe
"Flat 0
Evans forge
Thompsonview
CF49 1BR",2648549683,Female,Male,Ahmedberg
"98 Taylor extensions
Joannaside
E20 7JH",1398146417,Male,Female,Guyburgh
"Flat 17
Pamela greens
West Mohammedborough
M84 8QU",6645172109,Female,Female,Cookhaven
"41 Pope stravenue
West Mariaville
L81 6UT",7360553177,Male,Female,Lake Christinemouth
"Flat 58
Mathew groves
Lewistown
G2T 5ZR",153016027,Female,Male,South Sarahview
"491 Louise locks
New Chloemouth
G5 2WA",3670518453,Female,Female,West Karenville
"9 Barbara wells
Meganborough
ML6Y 8EW",9815284036,Female,Male,Port Natashafurt
"Flat 06k
Baker rapids
Scottville
L5H 7GF",2558631662,Female,Female,Dohertytown
"Flat 05
Dawn loop
Kevinfurt
HD06 4AT",3633513988,Male,Male,North Carolebury
"92 Smith field
Teresaport
M93 3NL",2956264983,Male,Male,Sandrafurt
"14 Julia ville
North Jamie
B2E 3YZ",7628981907,Male,Male,New Ericbury
"3 Lawson rue
Port Bradleyfurt
W4 8BZ",634453513,Male,Female,Claytonville
"Studio 61
Morris port
Kerrymouth
N35 4RJ",2821984688,Male,Female,Moorehaven
"42 Lisa overpass
West Martinshire
L7E 0ZY",2383043986,Male,Female,South Liam
"Studio 6
Rosemary wall
West Frankfort
HU1 6DZ",4871312984,Male,Male,Sallyview
"7 Patricia ridge
Knightland
L7 2JE",4226595511,Male,Male,Daviesfurt
"553 Cooper prairie
Jodieton
HG4P 8WR",2731277051,Male,Female,Akhtarchester
"91 Grant grove
Jaynemouth
G9C 3XH",9050476054,Male,Female,Wendyfurt
"Studio 34m
Paige shores
Reidfurt
N4G 7SN",2542425317,Female,Male,Frankbury
"323 Eleanor fields
New Naomiville
DD4E 1JZ",1917119140,Male,Female,Colemanview
"70 Douglas square
West Lindseyshire
S23 7DF",6038724007,Female,Female,North Juliemouth
"Studio 5
Tracy corner
South Donna
W63 6AB",1770917342,Female,Male,North Louis
"Flat 05
Kerry lodge
Holmesmouth
B2U 1AL",7754738075,Male,Male,Priceland
"Flat 55
Carpenter cliffs
Lindseychester
B1T 7HT",3484342677,Male,Female,Edwardview
"Flat 40g
West trail
South Anthony
E5 3XX",7005278907,Female,Female,Metcalfeton
"64 Dale village
Browneberg
W6 8TL",3938814145,Male,Female,Nathanbury
"Studio 2
Bibi haven
Port Shannon
TS45 9DP",7918625165,Female,Male,Parkinsonville
"4 Jones glen
South Mohammadhaven
MK4 3XT",9455524141,Male,Female,Taylorburgh
"Flat 77
Brown manors
Fieldport
DN6 2JA",8755570458,Female,Female,Johnstad
"10 Jonathan island
South Lynn
PA6 0BS",5115501423,Male,Female,Deborahside
"33 Steele estates
Lake Kyle
S3D 1GE",9373528546,Female,Male,Barnesborough
"36 Gareth lock
Lake Carly
W65 9YS",8085882647,Male,Male,Joelport
"37 Rose loaf
North Catherineside
G1 0EN",8313700356,Female,Male,Smithfort
"Studio 2
Raymond tunnel
Nicoleton
E9 1SY",5850809120,Male,Male,Lucymouth
"Studio 06
Catherine pike
East Andrew
E0 4SX",4368159741,Male,Female,Scottmouth
"Flat 0
Gregory way
Robsonmouth
HA4 0RB",7026816488,Female,Male,Atkinsonton
"01 Marilyn knoll
Lake Ashleighville
SR57 6HD",6122190226,Male,Male,Jackmouth
"Flat 3
Butler roads
Kirstyberg
SO5W 4RP",6575647131,Female,Male,Reesville
"2 Phillip wells
Dunnton
E13 0RT",2310881220,Female,Male,South Guy
"2 Hayes trafficway
Johnsonland
L53 5SB",3750751552,Female,Male,North Marcton
"Flat 0
Miller ridges
Mariefort
SN9V 9UN",9311464064,Female,Male,Kingberg
"Flat 12s
Richardson rapids
Staceyburgh
LS58 6SH",7465826474,Female,Female,Port Rosiehaven
"Studio 15
Smith bridge
North Louise
SE0X 2AX",5749225075,Female,Male,New Lisatown
"1 Timothy estates
West Abbiefurt
YO3H 9TW",2566310784,Female,Male,Lake Amandatown
"1 Albert plains
Hilaryborough
S46 9FZ",3642707408,Male,Female,Lake Trevorburgh
"Flat 37
Francis trail
Jenniferton
M7D 2RS",1560995205,Female,Male,Graemeton
"Studio 37
Gardner cliff
New Suzanneside
LS23 8JF",8699481140,Male,Male,South Carl
"73 Rogers greens
Harryberg
NR0 9FU",1832611978,Female,Male,Watsonborough
"382 Bryan mountains
Fergusonchester
S4 8DR",9501615624,Female,Male,Hawkinsmouth
"Flat 40u
Griffiths lane
Albertland
RG1W 6JY",2939997143,Female,Female,South Roger
"Studio 06T
Moore trafficway
Jonesshire
G8J 5BB",25439826,Male,Male,Lake Jenna
"Flat 75I
Katy mission
Lake Glennville
M35 6QB",8325151310,Male,Male,South Jacobchester
"Flat 4
Ryan village
Kayville
L23 4RZ",6965395510,Male,Female,Singhville
"Studio 36w
Lawson grove
Port Jordan
HA6 0LG",6864508854,Male,Female,Lake Patrickville
"Flat 8
Haynes overpass
East Stanleychester
WC1X 6FE",5452542200,Male,Female,East Georgiashire
"462 Adam squares
North Russell
S4 7GQ",955756830,Female,Male,Port Francesview
"90 Valerie summit
Hughesborough
SL72 2LE",104739416,Female,Male,Harrisfurt
"Flat 90z
Stephens shore
North Callum
ME3N 9QL",5866507633,Female,Female,Dianetown
"550 Baker highway
Lake Kimberley
SO7 3UA",8323862646,Female,Female,Bellview
"80 Debra common
West Denniston
W2 3BP",3017380794,Male,Female,Lake Henryside
"471 Emily prairie
Clarkehaven
SR28 6XB",9932849631,Female,Male,Lake Christinemouth
"141 Eileen estates
Guyside
DE9N 4LE",8181865801,Female,Female,Browneton
"Studio 18z
Garry flats
Deniseside
HA8V 6GF",5833086639,Female,Female,Iainborough
"Studio 06
Bond mountains
Cherylborough
PE5 9ZT",2073705268,Male,Male,East Peterhaven
"Studio 75X
Mistry field
Port Lyndaville
KW13 1AQ",9753448329,Female,Male,East Derektown
"Studio 15
Francesca rapids
West Mohammedstad
S8 8WR",2276370856,Male,Male,East Ben
"9 Louis port
New Jayneside
M5S 8WR",5844570404,Female,Male,Walkershire
"Flat 6
Kathryn avenue
Louisehaven
ML4R 6ZS",234049484,Female,Female,Bryanside
"Flat 8
Wright circles
Lake Elaine
G4 5NA",7385912501,Female,Male,New Joeton
"69 Dodd trafficway
Aimeeshire
B2W 5WZ",9724588909,Female,Female,Harpermouth
"Studio 10
Jennings causeway
New Kyle
B65 7WE",6804307526,Female,Male,Debraview
"849 Rogers loop
East Dean
TW2 7YR",7226785898,Male,Female,South Frederickland
"2 Geoffrey island
Williamsland
NG3 5PF",5163662952,Male,Female,Port Denisside
"Studio 0
Naomi estates
Port Maryport
BA6 3NN",5388578743,Female,Female,Dalehaven
"9 Josh junction
Robertland
RM17 3EF",9405616912,Female,Female,Turnerview
"Studio 45Q
Hunt terrace
Thomasshire
S2J 6RD",8490133989,Male,Female,East Elizabeth
"727 Connor mall
West Carole
BL16 4UU",9416043961,Male,Female,Lake Samuelhaven
"349 Murray ways
West Jayne
S3 5WU",4777200480,Female,Female,North Kimberley
"Studio 7
Goddard crossroad
East Irene
W1D 3XR",6059473025,Male,Female,Jacobtown
"3 Amelia path
Bartonberg
G9 0BL",8358485127,Male,Male,East Kirsty
"Studio 0
Harry unions
Burgessfort
BD2 8EP",6442480677,Female,Male,East Clifford
"550 Julie circle
Justinfurt
HS7X 9QX",1676866211,Female,Female,New Karlstad
"Flat 78
Day roads
North Ronald
SK4 0XG",8970262029,Male,Male,Paynebury
"69 Jack lake
Port Gary
M58 7UW",9936708940,Female,Female,Port Marcus
"46 Bradshaw roads
Abbieberg
WR8 5JZ",3969467654,Male,Female,Port Leeland
"462 Graham estate
Higginsview
S0 9WY",1909620126,Male,Female,North Charlotte
"Flat 93A
Lewis drives
Port Geraldineshire
E5S 1QT",7515573688,Male,Male,East Julian
"501 Eric island
Port Charlotte
MK0 2FR",6033963379,Female,Female,South James
"Flat 2
Christine mountain
South Jeremy
L1U 5BP",2192981832,Female,Male,Lake Paul
"290 Judith turnpike
Kayfurt
M99 0AG",4822878900,Male,Male,Oliverfurt
"7 Hughes throughway
Saunderschester
M0B 9DX",7830047418,Male,Male,North Dennis
"2 Williams plains
South Dominic
SR9X 6DR",7323145936,Female,Male,East Angelaberg
"77 Davies manors
East Chelsea
E4 4ZN",5066982645,Male,Male,Lake Katie
"817 Faulkner port
New Richard
WA16 7GH",870550291,Male,Female,New Mandy
"31 Miller stream
Bentleyfort
G06 5JX",5413274269,Female,Female,New Emily
"Studio 72R
Jones orchard
Chambersbury
B16 0QX",9214485080,Male,Male,Port Natasha
"Studio 52
Morgan via
East Barry
B48 2NA",6589277555,Male,Female,Abbottberg
"739 Vincent run
South Patrickview
DE1V 5GW",1993983097,Female,Female,South Patriciashire
"46 Tucker center
Lake Derek
TF1 3AA",8834544423,Male,Male,Rosietown
"Studio 97
Jones club
East Eleanorchester
S5C 4WB",9184898852,Male,Female,Jasonborough
"Studio 18
Henry island
Lake Zoemouth
PA4Y 4LT",1704894004,Male,Male,New Lydia
"55 James flat
Declanmouth
G44 8SX",7005119741,Female,Female,North Elliottbury
"Studio 0
Ward meadows
Abbiemouth
LA0 5ND",7956473197,Female,Female,Priceberg
"55 Vincent wall
New Annebury
M3F 2UJ",3240752026,Female,Male,Abbieberg
"7 Cheryl ports
North Dawnmouth
N5U 2TQ",5863752477,Male,Female,Thomasburgh
"877 Jackson mountain
Hicksville
N7 3XW",7920949284,Female,Male,Hardymouth
"Studio 78F
Greenwood keys
Arthurport
BH6N 6EQ",2474534802,Female,Female,Glennstad
"Studio 01B
Leah crest
Lake Roymouth
WR0 3PP",7993720287,Female,Female,New Louis
"Flat 29
Robinson mountains
North Laura
N4J 1QL",8467762930,Female,Female,Parrymouth
"Flat 65
Bennett gardens
Carolineside
LL9X 1AH",6348129278,Female,Female,Marieport
"76 Wayne junction
New Chelseahaven
M1K 4YJ",5107704061,Female,Male,East Matthewberg
"56 Todd pines
Laurenport
TS4 0PL",1530401804,Male,Male,Suzannebury
"2 Mitchell prairie
New Timothyport
HU9V 0AW",5338247460,Female,Male,South Jodie
"Flat 20
Adam highway
Nigelburgh
TF8E 7AT",2077217425,Female,Male,Fergusonburgh
"97 Abbie isle
North Chelseamouth
N9 2GT",457812719,Male,Female,East Victoria
"Studio 0
Jenna road
Watkinsview
B48 6JR",8830547603,Female,Female,East Annebury
"Flat 4
Jenkins cape
Jonesberg
E70 2QG",7749100512,Male,Male,Valeriechester
"45 Khan station
East John
E88 0RP",3320132455,Male,Female,Katymouth
"91 Bethan fork
North Howard
HG7 5LY",7410460475,Female,Male,New Abigail
"079 Cameron valleys
Lake Elliotstad
WS2R 8PL",1941367754,Female,Female,Katyview
"267 Garry way
Port Margaret
NG54 2WQ",3043017337,Male,Female,Dixonfurt
"Flat 16
Nelson mill
Burtonhaven
S0C 2FX",4899430346,Male,Female,Antonyland
"Flat 1
Pope ways
North Juneburgh
M8 1WF",6577282559,Female,Female,North Albertland
"Flat 23
Adam pines
Wilsonborough
N0 4UJ",4331406913,Female,Male,Lake Kayleighmouth
"Flat 55G
Davies centers
Gallagherville
E8T 1ZT",5251874296,Female,Female,East Abbie
"01 Rita harbor
Smithville
HG97 1UX",5959967349,Female,Male,South Marilynfort
"Flat 15
Stacey stravenue
Stonehaven
CT00 3JY",5232546537,Male,Male,Westonstad
"470 Peter fork
Philipville
RM6 0DE",8438080137,Male,Male,East Lynda
"Flat 68B
Thomas summit
Dylanchester
DL9 5WB",412441013,Male,Female,Whitemouth
"72 Linda court
New Davidchester
NR0N 2LT",3066852106,Male,Male,Bartletttown
"8 Charles junctions
East Benburgh
LE5E 6TJ",4388354787,Male,Male,East Lee
"220 Robson inlet
Port Joelfort
TF8 3SG",120175466,Female,Male,Nathanside
"Studio 70
Martin street
North Maurice
WN7 2DQ",3255973043,Male,Female,Bibichester
"Studio 83
Hugh fork
Brendafort
M11 1HP",4835641915,Female,Female,Paulhaven
"00 Robinson circle
Port Ericview
HA03 0HJ",3952470619,Male,Male,West Junefurt
"13 Francis plain
North Christopherside
B8 9NN",3580962506,Male,Female,Anneville
"Flat 8
Dunn expressway
Lake Amelialand
W7 3UH",3637885020,Female,Male,New Susanberg
"Studio 10L
Middleton passage
Melaniehaven
CA4 0TF",7256886168,Female,Male,Lake Julie
"Studio 14w
Giles knolls
Davischester
M8 1BW",3462558909,Male,Male,Walkershire
"772 King ways
New Owen
TN1 8AB",7570643232,Male,Male,South Joe
"Studio 5
Perkins forge
West Suzanne
CO10 9GF",3581408321,Male,Female,Dawnhaven
"Flat 77w
Berry mission
South Lee
M7E 5GL",5234049192,Female,Female,Knightborough
"Flat 16
Lane road
Huntview
TF1 7DR",9863686450,Female,Male,Harrisside
"Studio 85
Brown walks
Lake Melissa
W63 6NF",2662704837,Female,Female,Owenton
"Studio 51L
Ann square
Lake Judith
M96 8QP",8882555318,Female,Female,Fostertown
"4 Chapman bridge
Elizabethfort
N8D 6YN",3710370269,Male,Male,Watsonshire
"21 Sanderson harbor
Donnellychester
TA2A 5LF",4956249777,Male,Female,Port Hannahton
"77 Kemp plain
Taylorshire
B46 9UU",7188782834,Female,Female,Staceyfurt
"64 Williams turnpike
Lake Christineburgh
B0U 0AT",3135829108,Male,Female,Lake Stephanie
"003 Abigail via
New Cherylfurt
SS3 2UN",5494589495,Female,Male,West Yvonnetown
"Studio 4
Alexandra terrace
Lake Conor
S4A 9PY",6691763536,Female,Female,Elliotttown
"Flat 32
Ford walk
Port Russellshire
GL2 6PU",3316192675,Male,Female,Junebury
"66 Geoffrey mountain
East Owenville
N66 3PR",7541049648,Male,Female,Grahamberg
"94 Bray harbors
Jarvishaven
LD34 0JU",8565035921,Female,Male,East Marion
"85 Marcus vista
Lake Bradley
B6 0FJ",3396757794,Female,Male,South Tracey
"Flat 71s
Joanna dale
Henryshire
G84 6UL",719083415,Female,Male,New Lynda
"Studio 95Z
Brenda land
Lake Lee
EC8 7PT",8843713134,Female,Female,New Lesliehaven
"Studio 60c
Kelly lock
Lake Antonyburgh
N1 0ER",8542719110,Male,Male,Port Howardstad
"Flat 0
Joanne union
West Amy
G4 7UN",5846168456,Female,Male,Christianshire
"Studio 37q
Lee grove
West Kellyfurt
TQ0X 1ZX",7107935160,Female,Male,Vanessaview
"Flat 33
Margaret branch
Smithbury
WN75 8TU",908801696,Female,Male,Ballland
"954 Edwards cliff
New Damienbury
CB1 3WS",8622898786,Male,Female,Kayleighbury
"8 Wright passage
Port Adam
RM9 3HR",2825780445,Male,Male,Aliceborough
"073 Carol center
Allentown
G16 3NW",8828384933,Male,Male,Kingborough
"9 Eleanor ranch
East Joantown
B54 7DX",1404005261,Male,Female,Joneston
"3 Jemma cliffs
Port Jaymouth
W07 1GS",865871153,Male,Female,Stephenfurt
"8 Smith shores
West Eleanorport
KA0 1HZ",2476823306,Female,Male,South Alexandra
"13 Barry ports
Port Charleneberg
L09 8BR",2536267623,Male,Female,Norrisburgh
"86 Ricky overpass
Lake Sharon
G2J 4TS",8002387942,Male,Male,Martinshire
"Studio 2
Joanne tunnel
Thorntonchester
DA67 9ZP",1187918462,Female,Female,New Mandy
"Flat 47
Barker walks
Kingshire
S4H 8SB",7657989473,Male,Male,Nigelchester
"83 Hill roads
Bartonburgh
BA2H 7GR",3999360415,Female,Male,Martinland
"2 Young street
Hallmouth
N04 1RZ",2162974260,Male,Female,New Sophie
"8 Hyde ports
Holmesfort
N1T 4WA",6741275242,Male,Female,Victorview
"073 Anne port
North Francescaside
E4 6SS",5802547738,Female,Male,West Antony
"859 Sharp roads
Port Janetstad
FY81 2HR",7934166123,Male,Male,Hansonborough
"Flat 63
McDonald lake
Jasonhaven
TA3P 0WF",2515083655,Male,Female,Leonardfurt
"Studio 12u
Jacqueline walk
Shawborough
PH9 5YQ",8722940468,Female,Male,Jeanbury
"Studio 21
Lisa freeway
Lake Arthurtown
NE1W 0DS",4428986325,Female,Female,Lewiston
"17 Harriet skyway
Fordberg
PL10 5FU",6777971159,Male,Male,Powellfort
"85 Taylor landing
North Sharonside
IV1N 8HD",7911999421,Male,Female,Sarastad
"Studio 29B
Griffiths stravenue
North Helenfurt
LL0 9SN",3453201278,Female,Male,South William
"9 Brown mountain
Kingchester
CO1X 2LR",6055674959,Female,Female,Beverleyside
"Studio 9
Brown well
Parsonsville
CB9N 9WB",9589229434,Female,Female,Stoneville
"712 Stanley keys
Ianburgh
SO7 2UL",9432066326,Male,Male,Port Liamport
"Studio 1
Marsden glens
Lake Lyndamouth
RG2H 9TR",6140784616,Female,Female,South John
"22 Kay ridge
South Georgeport
CB4B 4YR",1491861599,Female,Female,Bryanfort
"04 Johnson vista
North Rachelside
PH71 8EL",2410885769,Female,Male,West Terry
"6 Bryan estate
New Tracybury
B5J 4PG",3684423925,Female,Male,North Joelton
"Flat 60l
Simpson lakes
South Leonard
DY49 2AD",6119665018,Male,Female,West Christopherchester
"Flat 3
Sam cliffs
Lesleyside
G7 7HH",3031100092,Female,Female,Powelltown
"8 Gordon fall
Port Nicholas
LA0E 1NE",24794864,Female,Male,Pearsonchester
"Studio 69B
Jenna lakes
Port Abdul
L05 0EA",8226010024,Male,Female,North Marcustown
"721 Michelle valleys
Williamschester
TQ4 5AX",7805281285,Male,Male,Webbstad
"929 Reynolds circle
Lake Vincentmouth
LS09 3YQ",4647978896,Male,Male,Griffithsshire
"Studio 9
Ferguson square
Rickyville
BH6 9YT",5467906111,Male,Female,Smithbury
"Flat 1
Lewis cove
East Timothy
BA9 1AG",8852340980,Male,Male,Jessicaview
"558 Morley court
Kimstad
G1 0QW",7850841566,Female,Female,Allenmouth
"47 Trevor underpass
Elliottton
B7 5RZ",9190467555,Male,Female,Port Mohamed
"74 Duncan plaza
Burkeshire
WD90 4SP",8574827583,Female,Male,Port Bernardstad
"675 Mary parkway
Port Jean
PE0 1YN",3698397408,Female,Male,East Jane
"Flat 4
Vincent place
Youngton
W06 6SN",8499230543,Female,Female,North Brenda
"Flat 52
Wayne park
West Damien
M3E 4PE",3336799450,Male,Male,Crossfurt
"Flat 22
Duncan plaza
Oliverville
S26 8FS",7645318406,Male,Female,Port Robinberg
"Studio 6
Greenwood river
Greentown
SO2 6SH",3316723633,Male,Male,North Jasmineborough
"935 Stuart ways
Waltonburgh
SM0 2HT",2666825067,Male,Female,Simpsonshire
"Studio 35P
Butler mission
Howardstad
L95 8UD",9811579503,Female,Female,Dianebury
"23 Victor wall
Andrewmouth
G3 7SH",4364690200,Male,Female,Neilland
"37 McDonald camp
New Petershire
S6 1YS",9488084558,Male,Female,Hewittbury
"912 Hilary walk
Oliverside
W72 5GZ",3023111674,Male,Male,Warnerfort
"Studio 87
Richards bridge
Kayleighshire
L6C 9DL",5984176867,Female,Female,South Carly
"Flat 13
Jodie alley
Rickybury
M7K 2JF",2423913345,Male,Male,Baileyfort
"43 Ford brook
Port James
G42 7HE",184440384,Male,Female,Ameliashire
"Flat 86
Samuel orchard
Harrisonberg
SE4Y 9AT",5894613077,Male,Female,Port Martyn
"Studio 05
Tony mountains
Shaunport
B2 5BX",8652223458,Female,Female,Lewistown
"Studio 4
Hayes parkways
Hortonshire
E61 8JZ",5442482050,Female,Female,South Brianview
"Studio 6
Jayne dam
Raymondtown
CV24 3AH",5871370875,Male,Female,Lake Bryantown
"Studio 91q
Martin station
South Wendystad
B49 6DX",9741981861,Male,Female,Bartonmouth
"65 Malcolm light
Whittakerberg
LL57 0TF",8360632666,Female,Male,New Donald
"Studio 78
Mark square
Sarahburgh
M61 2XH",2240345268,Male,Male,West Hayleyburgh
"Studio 73
Parkes isle
South Mohammadton
B92 3FT",8907881429,Female,Female,East Mariafurt
"707 Williamson crescent
Jamesbury
CR93 3GT",4432306502,Female,Female,South Peter
"Studio 1
Ann rest
West Lynneton
WC4E 4FU",9748715185,Female,Female,North Matthewfort
"4 Kate viaduct
West Vincent
RH84 3WF",7924952301,Male,Female,South Charlesville
"78 Iain haven
Abigailview
DD20 6SZ",5010719084,Male,Male,South Ricky
"Studio 4
Nicola camp
South Keith
IG01 3WZ",2885374818,Male,Male,North Joshuachester
"Flat 27o
Callum track
Wilsonfurt
E6K 7NY",7700880645,Female,Female,Claytontown
"Flat 06
Sam ways
South Victor
YO69 5YS",7814410184,Male,Female,West Dawnton
"Studio 14
Harriet court
Daychester
G5T 6BR",1820855703,Female,Female,Lake Mariaton
"Studio 06x
Hawkins ways
Lake Jake
JE4 6FZ",1209872173,Male,Male,New Jill
"77 Taylor stream
Robertschester
PO91 7RU",6703489122,Male,Female,Dennisfurt
"Flat 9
Yvonne branch
Hughchester
WS59 5QN",8553735981,Male,Male,Robinchester
"76 Bruce plain
East Joan
L8T 0LL",6446820244,Female,Female,East Julie
"252 Morris pine
Paulaview
CR9 6FQ",8281418224,Female,Female,East Daniellefurt
"Flat 90
Rhys drive
South Gerald
W18 8DZ",2602854636,Male,Male,Boothchester
"019 Walker grove
Davidbury
S82 7SY",2387908908,Female,Male,East Victorbury
"494 Young stream
Louiseport
CO95 7DP",6809740118,Male,Female,Paigeshire
"Flat 59
Lee walks
West Scott
S2D 1SE",2629453756,Female,Female,Alanland
"8 Baker plains
East Owen
BH89 4SN",7905305722,Female,Male,Kevintown
"48 Gillian mountains
Jennahaven
RG6 4LL",20684509,Male,Female,Edwardport
"Flat 7
Josh motorway
Walkerbury
N60 6QX",5367151709,Male,Female,Daviesborough
"596 Matthew way
Lake John
L5K 7LT",1564005710,Female,Male,Jessicachester
"218 Taylor mountain
Rileyside
GL20 1PF",1868138410,Male,Male,New Jessica
"Studio 4
Jackson square
Coopertown
E2 4LG",9634644237,Male,Female,Jemmabury
"07 Georgina overpass
Stephanieburgh
L35 6BX",9198859510,Female,Male,Tinamouth
"Flat 23l
Hugh stream
Wrightport
B6 5DN",4315359152,Male,Female,New Alice
"Studio 14
Elizabeth manor
Paulinechester
M8 5QS",2472717428,Male,Male,Kateberg
"346 Williams summit
Duncanmouth
L5E 5XP",1630685515,Female,Female,East Graeme
"Flat 15
Charlie tunnel
Kennethshire
L9E 4YN",204945558,Male,Female,South Amy
"77 Turner mews
Kerryfort
LN1 5XS",7437969283,Female,Female,Ryanbury
"Flat 8
Benjamin gardens
Kevinview
IP8 7UE",2778583115,Female,Female,East Jake
"5 Cheryl skyway
Hammondport
E6A 1NB",201382914,Female,Female,Leanneville
"Flat 19
Pamela squares
Benjaminmouth
N45 1WG",9949555131,Male,Male,East Albert
"Flat 8
Melanie isle
North Jason
E33 1QP",7285711091,Female,Male,New Abdul
"Flat 0
Douglas ferry
North Louisburgh
L3 0JY",7124708930,Female,Female,Natashamouth
"058 Frank mountain
Campbellmouth
NN38 0UU",4850910852,Male,Female,East Sheilastad
"63 Wright meadow
Lucyfurt
BS94 0TG",6266907816,Female,Female,South Justinport
"Flat 42
Russell meadow
Zoebury
IM8 3HN",5768847237,Male,Male,Richardsonchester
"4 Sheila valley
Burtonland
HP7 5RH",759620928,Female,Male,South Gailberg
"1 White summit
Whittakerland
BR26 1RB",1477279216,Male,Female,Lake Christinefort
"Flat 56
Dominic rue
Tonytown
N5J 4HG",3234272382,Female,Male,South Samuel
"2 William plaza
Port Stephenville
TQ1P 1NS",842201444,Male,Male,Grahammouth
"Studio 17
Phillip ridges
Darrenland
BL2W 6TR",6308349942,Female,Male,Nataliefort
"156 Curtis forges
New Elizabethside
G06 7NX",6510008563,Male,Male,Port Colin
"Flat 96L
Baker meadows
South Garry
LN8X 0QY",7672186358,Male,Male,North Danielmouth
"Studio 73
Sophie row
South Trevorfurt
S8 7ET",5314006346,Male,Male,Howardstad
"2 Gray square
West Elliott
G53 8UE",5349292323,Male,Male,O'Neillmouth
"07 Cunningham crossing
Port Geraldine
M8 4ZY",9894271756,Female,Male,Lake Mollychester
"8 Carr turnpike
Sandrafort
CO3 3UQ",6580664416,Male,Female,East Guy
"75 Clark throughway
Tomshire
N7E 4ZR",3595842829,Female,Female,East Frederick
"Flat 4
Mohammad throughway
Brendaland
BR1 6LE",8925098381,Male,Female,Caroleshire
"382 Rice camp
Hallmouth
SL7M 9PY",7454500818,Male,Female,North Carole
"Studio 64e
Lee trace
Markshire
N7 2TH",2735340232,Female,Male,Brownville
"Flat 70L
Kathleen village
North Justinshire
TN39 7QA",4368707824,Male,Female,South Robertshire
"Studio 79
Andrew points
Lake Jordan
W44 0GW",7975375462,Female,Male,Lake Wayne
"59 Connor garden
Jamieshire
S3F 5HF",5951255359,Male,Male,New Jacqueline
"Studio 50
Moore trail
New Jacob
ML0 9GX",6909294935,Male,Female,South Joshuahaven
"98 Barker rue
New Ann
NE4 0TZ",966553052,Male,Male,East Amyport
"756 Guy station
Prestonberg
B6 1AA",7473579569,Female,Male,Douglasland
"884 Valerie highway
Richardview
RG82 3SS",1649380960,Male,Female,Port Leslieland
"Studio 60i
Begum freeway
Lake Gordonburgh
M4W 1NS",2486824760,Female,Male,West Caroleberg
"79 Joseph fall
Cookborough
SL8 6QY",798205293,Female,Male,Kimfort
"Studio 92
Lowe divide
Nicholsonmouth
NP42 4XP",5753416119,Male,Male,Evanston
"Flat 59
Jackson ville
West Julie
G15 1XX",3847697891,Female,Female,South Susan
"02 Gardner freeway
Ahmedport
G95 4NX",3235509823,Female,Female,Valeriechester
"55 Brown meadows
New Frankside
SA7 2EL",4398410077,Female,Female,West Anthonyville
"37 Walker station
Emmaside
AB2E 0ET",7089786347,Male,Male,Barrystad
"Studio 1
Garry village
Hillshire
M8H 5GJ",8243503347,Female,Female,Lloydbury
"6 Katie lodge
South Leonland
M8E 3UL",9307687132,Female,Female,Wilkinsonland
"66 David hollow
Jonesview
HR4 6SH",3662624696,Female,Female,Hammondchester
"Flat 00A
Laura harbors
South Clareville
N01 1SN",913160005,Male,Male,New Jessicabury
"8 Bradley prairie
Port Abigail
B3K 3GJ",4438248408,Male,Female,Port Marcus
"Studio 1
Johnson villages
Lewisview
WD4 9BN",5246634796,Male,Female,East Linda
"320 Damien flats
East Jennaton
WF6 9BN",5696483839,Female,Male,Davieshaven
"9 Allen key
East Shannon
M6D 6QE",9284386907,Male,Female,North Roychester
"Flat 6
Phillips crossing
North Kathryn
TD9H 7YF",8601584950,Male,Female,Saraton
"Flat 87
Hopkins cove
Robsontown
DN2 2AN",9752237443,Female,Male,Clarkstad
"Studio 2
Elizabeth rue
West Philip
DL1 3HL",7442045039,Male,Female,North Karlfurt
"856 Williams bridge
New Brandonfort
MK9 6YF",9621128688,Female,Male,South Eleanorhaven
"Studio 35t
Smith points
Annabury
W76 3WU",1932609983,Female,Male,East Amandaport
"99 Nicola circles
West Nicholasville
SN9 3BJ",1602842021,Male,Female,North Anna
"00 Noble curve
East Katie
S74 8BT",4178675159,Male,Female,New Lyndaberg
"Flat 9
Douglas ridges
Ameliashire
N4 6QY",904882228,Female,Female,Mosston
"815 Wells way
Callumland
W9A 0XP",807601965,Male,Female,Joannahaven
"Studio 42
Ferguson divide
Port Paige
CM8 6FJ",6198178354,Female,Female,Lawrencetown
"Flat 2
Shane view
Daviesstad
RG4 5XZ",8972834094,Female,Female,Godfreytown
"Flat 53C
Dean squares
New Melanie
DA50 7XZ",8145138522,Female,Female,South Dale
"4 Leigh courts
Smithtown
NR4M 9PH",2690533663,Male,Male,Lake Josephine
"698 Mason way
Lake Seanchester
E0S 0LW",893359982,Female,Female,East Hannah
"Studio 35
Gough walks
North Jennifer
W3 9XL",6903096157,Male,Male,Wendyfort
"143 Macdonald burg
Lake Fredericktown
G2H 5HF",2213220549,Female,Female,Port Grace
"243 Young summit
Lake Francesville
ST3 0AT",7965355021,Male,Female,West Josephine
"8 Alex stream
Stephensonmouth
WN7 3EY",1326405239,Male,Male,New Dennisport
"4 Hudson field
West Beverley
L8 0EN",2727435688,Male,Male,North Bethborough
"3 Davies knolls
Coxland
TW36 1YF",8321249441,Male,Female,Oliverville
"Flat 03
Lloyd gateway
Maryshire
B0D 8YR",7087141560,Female,Female,Hazelshire
"Studio 62
Bell lakes
North Pamela
W2 6XG",425600775,Male,Female,Milesview
"Flat 5
Smith ferry
New Melissafurt
E40 8ET",1471388739,Female,Female,Adamstad
"24 Powell pines
West Karl
E4H 6LZ",475437468,Male,Female,East Mitchell
"25 Wells meadows
North Juliaborough
LS29 4SR",9529234464,Male,Male,Wayneburgh
"2 Martin flat
Jordanmouth
N3K 4LE",3225491091,Male,Female,South Jacquelinebury
"Flat 52
Irene cove
South Lydiaside
L1 9YP",6103009281,Male,Female,Clarkeville
"86 Marsh underpass
Ruthview
G9C 0YA",1352463972,Male,Female,Trevorville
"337 Karl prairie
Fosterview
TN4W 3ET",8225572629,Female,Male,Adrianland
"9 Lewis wells
North Nicholas
S3K 5QF",4847800290,Female,Female,Elliotview
"Studio 17
Lynn port
Fostermouth
L2 7SU",1058551078,Male,Female,South Stewart
"6 Victoria grove
East Graceshire
S7A 3FX",2749753280,Male,Female,Nicolafort
"Flat 81
Fisher plaza
East Kateshire
W5C 9JF",9063369076,Female,Male,Goodwinside
"975 Yvonne skyway
New Eleanormouth
RG97 3WT",6898888691,Male,Male,Edwardburgh
"Flat 8
Connor greens
North Antony
HR77 8BP",79030915,Female,Male,East Carl
"Studio 80s
Abigail burg
Richardsmouth
IM0 9JH",750124100,Female,Male,New Mandyside
"Flat 44
Patel trace
Johnstad
E81 6PX",9211683826,Male,Female,Port Seanton
"Studio 91D
Stevenson forks
New Simonland
L2W 7WE",9939691278,Male,Male,Fieldburgh
"6 Patel garden
East Lisachester
LN2 4WF",4183899890,Male,Female,Birdstad
"2 Kent station
Port Martinview
N0T 4EL",4097291596,Female,Female,Kempside
"32 Marshall plains
Port Andrea
LD16 0AS",2960442889,Male,Female,East Carolyn
"02 Timothy forge
West Kayleigh
B4C 5RR",9086218743,Male,Male,Carolhaven
"894 Stewart mountain
Lake Antonybury
M9F 6YT",9118021530,Male,Female,South Chloe
"Studio 16q
Karl square
Daviesmouth
SA28 9JQ",1392073512,Female,Female,Patelside
"53 Wilson shoal
East Mohamed
WF2H 7EW",2822962066,Male,Male,North Lynn
"2 Wheeler ports
Lake Jeremyview
UB3 9NY",9138799763,Male,Female,Ronaldstad
"3 Hawkins rest
Fletcherstad
FY45 1PH",484116441,Female,Male,Burtonburgh
"Flat 98C
Edwards hills
Cookfort
BB3 5HB",5231756230,Female,Male,Meganport
"86 Vincent forks
Port Martyn
BL7 8PN",1147740104,Male,Male,Port Nathan
"Studio 65
Olivia rapid
South Stephanieport
ML5 3HW",7244073731,Female,Male,Ireneberg
"3 Cunningham inlet
Fionaberg
KA70 3QT",6253296585,Female,Male,Josephside
"65 Diana center
Lindseytown
B7 2JL",3905243627,Female,Female,Louisshire
"417 Wong unions
South Christopherfort
L5F 3PT",3309991221,Male,Male,Phillipshaven
"Flat 85l
Frances forest
Lake Georginaburgh
B78 6BN",1994828557,Male,Female,Valeriechester
"113 Patrick orchard
South Kerry
OL5M 9QF",9859769671,Male,Male,Slatermouth
"Studio 91
Francis view
West Martyn
E78 6XU",9788354841,Female,Female,Bentleyland
"173 Williams junctions
East Brian
TF68 7EX",687175351,Female,Female,Garethfort
"Studio 95v
Pearce mountains
Begumtown
S1G 7SN",6109223082,Male,Male,Joeshire
"4 Barlow motorway
Lake Kieran
E5E 0AD",7141234172,Female,Female,New Pamela
"Studio 6
Julie course
Jessicaburgh
CR09 3JH",9801490704,Female,Male,Edwardsside
"2 Paul passage
Hilarymouth
IV58 8BJ",5602597459,Female,Female,Baxterfort
"476 Jacob ranch
Popemouth
PR39 1HZ",1235644966,Male,Female,Daviesville
"02 Morris park
South Brucestad
PA7A 2BB",6699064276,Female,Female,Georgiaberg
"Studio 32
Kate grove
West Sallyport
N9T 5LU",4161462643,Male,Female,South Reece
"Studio 21D
Jake forge
Tomburgh
E9A 7YS",9379201596,Female,Male,North Brenda
"Studio 38
Gregory station
Evansshire
PR82 8JQ",8221810758,Male,Female,Lewisport
"Studio 35L
Sara summit
East Julia
E33 1PW",9306452961,Female,Male,Lake Benjaminchester
"Flat 8
Williams rest
Daviesmouth
W4 3SJ",8349563553,Female,Male,Scottfort
"8 Antony stravenue
Port Mitchell
B3W 0SP",3893528628,Male,Female,Butlerborough
"42 Rosie freeway
Beverleychester
DT4 7HU",9055791876,Male,Female,Lake Tina
"408 Malcolm extension
Andrewburgh
E7J 2XX",5410978883,Male,Male,East Mark
"Flat 66
Harriet viaduct
Owenside
M2E 8DD",6757217229,Female,Female,Carlland
"Studio 3
Matthews manors
Port Tony
LS7 7WQ",9437243616,Female,Male,Josephineland
"475 Griffiths drive
Murrayburgh
FY72 9BT",4397430828,Female,Male,Joshuaview
"402 Beverley spring
Lake Paige
SO5A 2JH",682682223,Male,Male,South Joannafort
"Flat 40Z
Nicholas forks
South Sylviachester
LS8 0LE",1549427868,Female,Male,Annville
"Flat 51T
Stewart station
East Tobyhaven
L0A 7TF",9364601238,Female,Male,West Christopherside
"Flat 4
Moore ramp
Lake Brandonberg
CV8 0JF",6055363925,Female,Male,East Charlesmouth
"38 Jill rapid
Patelmouth
W6G 1SR",5864357319,Male,Male,Melissachester
"Flat 62T
Rita square
West Terence
W81 4GZ",3206326413,Male,Female,North Gordonberg
"524 Rebecca points
Evansland
ME0 2JF",2234980541,Male,Female,North Wayne
"Flat 22
Wright turnpike
Alisonland
SE62 5LT",9888858387,Female,Female,West Tina
"Flat 08z
Harper prairie
West Danielle
M7W 0GE",382614043,Male,Female,Ryanview
"Studio 64
Robertson loop
West Amandashire
SR9M 8FZ",4271105201,Female,Male,South Jill
"908 Smith place
Rhodesmouth
DY8B 1SA",9502577778,Male,Male,Nigelborough
"Flat 44
Brown ridge
Carolineborough
TW33 6HH",9416045959,Female,Male,Lake Barbaramouth
"Flat 1
Melanie lakes
Wadeview
L3 4LR",2851145599,Female,Female,West Katiestad
"Studio 64
Mohamed causeway
North Yvonne
E0A 0TA",2992643954,Male,Female,West Lynnport
"272 Rosemary extension
Paigeville
G19 3QL",4627361945,Male,Female,Lake Marion
"Studio 76Q
Graham burg
Gillborough
W67 7SU",9216916940,Female,Male,Harrisonberg
"Studio 49w
Ian gardens
Michaelshire
M68 8FS",1960267648,Male,Male,Jarvischester
"403 Martyn village
Watsonstad
WD3 2WE",3276222644,Female,Female,New Hollyland
"Flat 55
Oliver stream
Lake Marie
B1 4TY",1048169728,Female,Female,East Bethanmouth
"Studio 4
Marian ramp
Gillmouth
HR05 8ZT",7784363767,Female,Female,North Stuart
"Studio 93w
Webb views
South Dannychester
BD9 7UL",9679169160,Female,Female,Websterberg
"5 Cameron motorway
East Eleanorburgh
CR3A 7EZ",6515508511,Male,Female,South Anna
"Studio 5
Rachel falls
Greenton
BH77 6GB",9134203729,Female,Male,Helenview
"Flat 07
Robin flats
Dylanburgh
E0F 6HN",864953619,Male,Male,South Janetside
"Flat 29
Danielle extensions
Port Teresa
BS3 1GX",7505879654,Female,Female,New Charlottemouth
"85 Day trail
Port Thomasburgh
B9 1GW",6345352506,Female,Male,Edwardsbury
"429 Roy pines
North Dorothy
CO22 8QE",7421817680,Male,Female,East James
"Flat 0
Booth fords
Howelltown
M20 5HT",3336510753,Male,Female,Clementston
"Studio 34
Michelle key
Damienshire
B7 3BU",266937711,Male,Male,Curtisland
"Studio 6
Jasmine prairie
Sheilaborough
GY73 9RD",8719101101,Female,Female,Willisshire
"Studio 06R
Ruth island
Smithfurt
BD4V 6JN",2412981523,Male,Female,Howellport
"4 Brian lake
New Benport
E9J 3EL",3767764545,Male,Male,West Sharonborough
"Flat 57k
Carter neck
Farrellhaven
S0 4SN",6414201899,Female,Female,Port Julian
"839 Harrison underpass
Martynville
E02 4ZN",2291343458,Male,Female,Lake Rhysside
"58 Whitehead spring
North Grace
EC2 7RW",1321679523,Female,Female,West Connor
"Studio 59
Shepherd center
West Leonbury
S8B 7LQ",255594993,Female,Male,Port Jessicafurt
"Flat 28
Anna mountain
West Mathewville
CR6N 9HY",393669487,Male,Male,Websterfort
"82 Lambert crescent
Lake Mitchell
E2C 5WA",7280202999,Male,Male,South Kenneth
"Studio 46
Jeremy fall
Annport
LD8 5TH",9806067151,Male,Female,Port Judithmouth
"Flat 9
Stewart court
North Paula
CW2W 8GF",2357785757,Male,Male,New Ritamouth
"Flat 3
Ashleigh throughway
Deborahfort
PO9 3JL",655026254,Female,Female,North Jayneborough
"Flat 1
Ball street
Lake Sharon
M1J 1XY",664031861,Female,Male,South Annhaven
"Flat 69Q
Alison rapids
New Chloe
IV1Y 5LP",6659882036,Female,Female,New Sheilaville
"984 Jodie stravenue
Lake Lesley
W8 9UY",1737296384,Male,Male,Lindaberg
"32 Andrews neck
Eileenview
B3 9UZ",6431173705,Male,Male,Leahfort
"64 Hayley terrace
New Joshuafort
N60 2BS",4205337072,Male,Male,Evansborough
"8 Williams forges
North Matthewport
N9D 7SS",5227320812,Female,Male,Wattsfurt
"60 Liam mount
South Darrenborough
LS5M 2TP",7086440518,Female,Female,Pateltown
"005 Stacey center
Huntershire
TS36 6FX",733915520,Male,Male,South Aimeeshire
"Studio 28
Hall groves
East Henryview
L0 0NX",7690110586,Female,Female,North Clifford
"Flat 98Y
Francis vista
Woodshire
GU25 2UD",3222091209,Male,Female,Port Bryanfort
"581 Gregory fort
Readstad
G80 4HQ",8592781806,Male,Female,Markside
"Flat 8
Baker radial
South Jonathanberg
W5J 8YT",6282960973,Male,Male,Thompsonbury
"Studio 4
Connolly gateway
Harrisburgh
DA4M 7PF",4035730224,Female,Male,Angelaland
"Flat 10
Clifford via
Newmanmouth
CO42 2UN",6574924622,Female,Male,Allenburgh
"62 Matthews rue
Lake Julietown
B0U 6AR",384192637,Female,Female,Colinstad
"3 Vincent avenue
East Justin
HD57 7ZF",114644062,Female,Female,Port Iain
"Flat 4
Pearson ports
South Katiestad
G88 0FA",6548291968,Male,Female,Marshallbury
"1 Colin villages
Tomlinsonfort
TA6 0YX",8262909322,Female,Female,Gardnerberg
"33 Kyle ramp
Burtonstad
SL34 2EU",520278054,Male,Female,Hazelstad
"13 Reece flats
South Abdul
G88 6PP",7650563450,Female,Female,East Brandon
"7 Pauline walk
North Elaine
LU6 8LA",6126801660,Female,Female,New Maureen
"119 Lesley locks
Jenkinsfurt
PH6W 1BT",4843516160,Female,Female,Lake Amelia
"Studio 3
Denis island
Port Lisaburgh
CA75 1RL",8451527792,Female,Female,Allenland
"Flat 6
Bishop island
Huntbury
ML0 6NB",9535560996,Female,Male,New Sophiemouth
"Studio 03
Marie island
Edwardsstad
N3E 6XW",5540168479,Male,Female,East Ericton
"553 Jasmine ford
Sharonchester
E9S 8LX",2658496896,Female,Male,Graceside
"Studio 1
Russell branch
Williamsside
SO13 3QT",2524676651,Male,Female,Lake Daleville
"07 Rogers pass
South Nicolaland
L17 5WU",4403997920,Female,Female,Lake Stephanie
"Studio 8
Kimberley mission
North Lawrence
LN7 6NP",65178237,Female,Male,Cliffordfurt
"Studio 46O
Bennett ways
Stewartview
SN8N 6YG",4477986111,Female,Male,North Karl
"052 Dunn fork
West Gemma
OL25 7RH",1264812812,Male,Male,Taylorchester
"Studio 1
Hamilton light
Barrymouth
E3E 3WG",9325998434,Male,Female,East Jamesville
"347 Pearce mall
Guymouth
N2 5GU",3574991513,Male,Male,Craigbury
"1 Wright drives
East Douglasstad
WN45 1SP",5871682399,Female,Male,Mooreland
"532 Gibson club
New Oliver
B94 7LA",737401537,Male,Male,North Leanne
"Studio 56
Jayne shore
North Barbara
NN8 5XE",803937623,Female,Male,Kylebury
"83 Lord estate
Robertsfort
E22 9JL",6941346510,Female,Female,Hughesmouth
"16 Dobson garden
Port Cheryl
S11 4XF",9716777102,Male,Female,Francesport
"814 Smith glen
North Catherine
S9C 4NT",4820369986,Male,Female,Heatherton
"Studio 16W
Ross haven
West Rickyview
L5K 9UR",1836724231,Male,Female,Port Elaineview
"Flat 6
Harry trace
South Jamesstad
M5 3QN",2691078009,Male,Female,North Donald
"263 O'Connor squares
Jennifermouth
N9W 8FD",6328184566,Male,Female,South Clare
"87 Elizabeth way
Colemanshire
DH65 5FF",3292111262,Male,Female,Richardsfort
"9 Clifford prairie
Bakermouth
M0 7TS",9935192030,Female,Male,Lambtown
"Studio 0
Adam unions
Abigailside
SW58 8ZU",930175109,Female,Male,New Stephanieton
"Studio 97x
Gardner road
East Gracehaven
SY1B 4UT",2279633583,Female,Male,New Irene
"Studio 3
Mason harbor
O'Brienburgh
S1K 3XB",5855172834,Male,Male,West Ryan
"Studio 62
Williams valley
Port Howard
W8S 7WD",6156385909,Female,Female,New Ericbury
"729 Thomas meadow
East Elliot
S4B 3EX",380108298,Female,Male,South Phillip
"9 Diane brooks
Lake Graeme
AL7 8WE",4890565472,Male,Female,Ronaldview
"Studio 36
Cook turnpike
West Joannestad
BD7E 8TQ",6632566838,Male,Male,New Francesstad
"Flat 7
Thomas court
West Paul
ME1B 5EF",4839560134,Male,Female,Williamstown
"Flat 27q
Jordan divide
Donaldborough
HU51 5PF",4631066364,Female,Male,Brownview
"Studio 03X
Gareth landing
Juneview
G9W 1EG",9620319940,Male,Male,Begumbury
"Studio 3
Kennedy camp
Bradleyport
M2S 9ZJ",1746647264,Male,Male,Slaterland
"Studio 01
Lynne plains
New Jeanchester
KT7 5JN",8934530347,Female,Female,Sandersland
"894 Simpson hollow
North Jacquelineview
L38 9ER",568856485,Male,Female,Jodieland
"41 Adam flat
East Lydia
M71 6YG",7976183104,Male,Female,Dennisville
"Studio 31
Marilyn springs
Teresafurt
DY4 6NA",8471461534,Male,Female,Jonesbury
"Studio 7
Charlotte forge
Matthewstown
S8S 3ZZ",4272482123,Male,Female,Walltown
"884 Shirley pass
Fosterborough
TA6 8BR",5597962805,Male,Female,Lake Frances
"Studio 89
Joshua course
South Jordanfurt
CA2 6ST",2275575823,Female,Male,Williamshaven
"88 Ben place
Vanessamouth
S3 9HD",8916817572,Male,Male,North Simon
"6 Graeme village
Lawrencetown
G29 7BE",7174160917,Male,Male,Stewartburgh
"44 Joel shoals
O'Sullivanfort
B11 7RZ",6540258472,Male,Female,North Josephineville
"22 Davidson cape
Dickinsontown
TS34 8UY",7330722023,Female,Female,Ballton
"2 Jennifer greens
Lake Nathan
SS8 8BP",9536429993,Female,Male,North Clairemouth
"Flat 93w
O'Neill green
West Paulport
WF6E 7GA",9369706983,Male,Male,Johnsonview
"47 Jones mission
Howarthside
N4 3BY",4719177260,Male,Male,Melanieton
"609 Sylvia tunnel
West Kylefurt
S1A 4JY",9123318740,Male,Female,Hannahberg
"94 Turner forge
Suzannefort
LA2 9ED",2385725082,Female,Female,South Johnland
"Studio 56W
Holloway islands
Gregoryberg
EX7W 9QF",1332141533,Male,Male,Russellmouth
"Studio 39b
Geraldine rapid
South Tomfort
S16 7RA",5874474660,Female,Male,Malcolmview
"6 Roberts ridges
Davisonton
W2 6YE",4214642049,Male,Male,Teresaberg
"0 Sandra walk
Gregoryville
W5D 3XB",9542706247,Female,Female,Jakemouth
"98 Blake centers
Hillchester
SP5 9RY",8900316290,Male,Male,Bradleyville
"30 Reeves cove
Patrickborough
CF8E 3ZX",1496560959,Female,Male,Smithberg
"6 Giles common
East Elizabethport
TF59 1GT",4578582102,Male,Female,Lake Colinmouth
"049 Jacob ferry
North Jenna
E54 5JU",5525827568,Female,Female,Carterland
"Flat 1
Bates estates
East Jeffrey
DA0 6RN",4381625998,Male,Male,Lake Francesburgh
"38 Gill forges
North Georgia
NW6 3TU",2229554906,Male,Female,West Jodie
"9 Bradley common
New Pamelaland
NE8M 5RZ",8415492218,Female,Female,Joshtown
"Studio 6
Newton summit
Wrightborough
BT12 1SN",8392633596,Female,Male,West Gemmahaven
"Studio 57C
Johnson mall
Macdonaldville
GU4 3DA",4655837858,Female,Female,Brookstown
"746 Amy lake
West Angela
DE0B 6UQ",3724385254,Female,Female,Lake Ann
"5 Leanne springs
Port Naomi
CV5 2RX",390859230,Female,Female,West Cameron
"190 Grant rest
Hutchinsonchester
N60 0GJ",9722038212,Female,Male,New Cameron
"Flat 3
Ball locks
Francesfurt
E59 1DQ",5950621642,Male,Female,South Fionaburgh
"Studio 87
Maria plains
Charlieborough
PH3Y 9YR",1506263686,Male,Female,New Charles
"Studio 1
Stephens light
East Georgiafurt
W44 9LN",8843084106,Female,Female,Lake Barbara
"84 Patrick passage
Brownberg
S6G 0FS",1508004479,Male,Female,New Billyburgh
"1 George fork
North Daniel
NE2P 6WJ",9463112843,Male,Male,Andersonfurt
"Flat 56
Richardson burgs
Jakeburgh
L6 5EX",2102425211,Male,Female,Watkinschester
"Studio 9
Barnes ports
Greenfurt
WR5 1TB",9528990333,Female,Female,West Karl
"Flat 98
Todd green
North Lynneshire
E4J 5QH",5306058624,Male,Male,Bevanfurt
"88 Laura islands
New Russell
IG5 0UH",4249534451,Female,Male,Port Julian
"888 Evans lights
Howardchester
CA6 2UJ",888259612,Male,Female,East Terence
"Flat 07
Spencer village
Port Julia
NN4 8RH",2478327335,Female,Male,Coatesstad
"27 Johnson gateway
Gilliantown
N2T 3DZ",4108545316,Male,Female,South Fiona
"Studio 46C
Howard plain
North Irene
L9 7AZ",2921099759,Female,Male,South Raymond
"35 Chapman lane
Port Mathewmouth
S0 4RR",4981316768,Male,Male,Antonyfurt
"Studio 30
Lewis fort
East Dylan
WR78 0JQ",269311767,Male,Male,Lake Oliviaview
"518 Thomas tunnel
Duncanstad
G3T 1BR",4627739181,Male,Male,South Amyview
"Flat 8
Thorpe hollow
Maxfurt
M0A 9ZE",5743860339,Male,Female,New Holly
"76 Brett ranch
East Gail
W7 8UN",951075326,Male,Female,Lake Christopher
"Flat 70
Christine stravenue
West Sophieville
L8 4WL",3916285024,Male,Female,Scottmouth
"583 Shepherd forge
Tomside
B67 9QF",792282293,Female,Male,East Philip
"Flat 7
Hyde inlet
Samuelbury
SK8A 7RT",1326643129,Female,Female,North Jacobland
"Flat 3
Clifford lakes
Daviestown
B4 7NA",5090343728,Male,Male,Webbside
"Studio 52
Jamie ridge
Lake Alexandraton
N2 6YY",4221344681,Female,Male,New Lynnland
"Studio 21
Evans wells
Atkinsshire
BT1Y 9NL",6921331632,Male,Female,Chelseahaven
"630 Mellor ways
McKenzieview
BN42 5QF",4491808654,Female,Male,Rhyschester
"6 Lauren track
Lake Bethany
TF81 8EJ",4218480479,Male,Female,New Christine
"Flat 9
Bailey wall
Jacobfurt
B97 3EG",5761914918,Male,Male,Middletonville
"Studio 05
Blackburn rapids
West Lesley
L2H 3SL",1351172538,Male,Female,Gordonshire
"564 Sophie glen
South Vincent
BA8 3AH",7916561486,Female,Male,Port Paigeville
"Flat 2
Francesca vista
Josephmouth
EH73 8RU",2774108845,Female,Female,Martinton
"Flat 43v
Julia fork
New Bethanhaven
L2 4NE",5778659361,Male,Male,South Elliotberg
"Studio 6
Anthony ville
Lucyshire
B4J 2NP",2558784140,Male,Female,East Katiemouth
"5 Teresa wells
North Paulaview
E33 6SL",539759493,Female,Female,Taylorburgh
"123 Jake forge
Port Sophiefort
FY07 4ZL",7329873946,Female,Male,Louisside
"217 Valerie points
Yvonnemouth
OX2 1NG",4714187478,Male,Female,West Sylvia
"Studio 7
Gillian drive
South Georgiaberg
IP43 4SN",9773857650,Male,Female,South Ianstad
"153 Martin parkway
North Lydiashire
ML2P 3JF",1616317967,Female,Male,East Johnberg
"Flat 71z
Williams highway
Clarkestad
L0 0FP",6614017510,Female,Male,Robertburgh
"Flat 3
Katy ridge
East Vanessa
HR4 0WB",7166586560,Female,Male,Lyonsbury
"Flat 75N
Davies landing
Tomburgh
TN5W 3QW",4666257173,Male,Female,New Damian
"2 Roger springs
Finchfurt
IV61 0PL",6163807619,Male,Female,Heatherport
"Flat 6
Allen row
New Alan
HS1 7RP",8923359401,Male,Male,East Paigefurt
"15 Daniel spurs
Warnerview
WN7 3DY",9925652092,Male,Male,South Mitchell
"Flat 12
Cook lock
East Rachael
TA0Y 2PU",673582724,Male,Male,Mauriceville
"1 Lisa squares
New Ellie
BB1H 9HW",4128164063,Male,Female,Abdulfort
"412 Barbara plaza
West Lawrencemouth
TR4 5YZ",828306654,Male,Male,West Margaretmouth
"8 Palmer roads
Brandonfort
CH33 7WJ",5103059592,Male,Female,Brownton
"Studio 52
French creek
West Raymond
B56 6GF",1215579339,Female,Male,East Rosemary
"Studio 25
Dean inlet
Holliefort
GL46 3LJ",9302437624,Male,Male,Guybury
"5 Thomas port
Iainville
L9S 5BQ",531161503,Male,Male,Wilsonmouth
"Flat 48
Michelle ramp
Singhborough
WR40 7LA",7667214322,Female,Male,East Gillian
"Flat 43
Clive dam
Dominicbury
UB3 4XJ",1642125518,Male,Male,Williamsport
"Flat 1
Morgan street
Brianhaven
N2F 6AY",4951757669,Female,Male,West Gregory
"83 Anna flats
West Stewart
CV4X 2LW",2902255379,Female,Male,New Stephenview
"546 Kenneth crossing
East Danielletown
RH6 2GD",7337018195,Female,Male,Ryanburgh
"Flat 36c
Thompson curve
West Danny
PL1Y 8RB",8072416176,Male,Female,South Benjamin
"1 Hooper square
Finchmouth
E9 1TF",814536323,Female,Female,West Geraldine
"Studio 95U
Stacey estate
Kennethville
BH08 9HJ",1829428514,Female,Male,West Simon
"302 Manning mission
Jodieport
TD9 5WD",1084032752,Male,Female,Bishopshire
"Studio 05
Elizabeth roads
New Richard
ZE2R 9QG",2106271884,Male,Female,Carrside
"Flat 06s
Clifford corners
Lake Louise
N9 3XU",920777974,Male,Female,New Irenemouth
"Flat 5
Knight summit
Lake Terence
W7U 7EW",3625791282,Female,Male,North Zoe
"Flat 1
Leslie view
North Gerardview
E7F 2SR",949170148,Male,Male,South Bethanmouth
"4 Amelia ridges
South Joannafurt
S4D 7BG",7462146131,Male,Female,Port Alexville
"Studio 02
Woodward flats
Port Diana
LD4 1PQ",8673817132,Female,Female,Knightside
"9 Simmons fork
Port Shannonhaven
G8T 6ZF",3357320240,Female,Female,New Donna
"Studio 77T
Savage road
Andreafort
N3 5HJ",1221398912,Male,Female,New Jadeport
"Studio 42
Paula wells
West Dawn
SA9 0HP",7321970752,Male,Female,South Clivefort
"Flat 75
Harrison forge
Joannaside
M3W 0JJ",4540794728,Female,Male,South Sara
"7 Lowe grove
Port Kylefort
G14 4PN",4663062862,Female,Female,Brettbury
"6 Lewis forge
Pattersonmouth
NP6 8BL",294292803,Female,Female,Stevenside
"74 Kelly motorway
East Julian
DH2W 6NJ",8571753733,Female,Male,Port Tracychester
"9 Stuart mall
West Valerieburgh
ME9 2ZX",6258954773,Female,Male,North Jasmine
"Studio 26d
Stevens rapid
Alanshire
IM9 4ZA",9055816550,Female,Male,East Guybury
"Flat 6
Stephens meadows
West Amberhaven
HD07 1DG",588346956,Female,Female,Singhport
"4 Davies wells
Reidland
BT6 8TF",225990914,Male,Female,Wardmouth
"175 Perry groves
Port Damientown
LL7 5BH",679168349,Female,Male,Blackburnstad
"Flat 6
Berry shoals
North Nicolechester
N4H 5TJ",8443421587,Male,Male,West Emmaton
"20 Barry lake
New Suzanne
M3S 7WR",6296265207,Male,Male,Grayburgh
"9 Wong plains
Campbellmouth
L2 4EN",9486691252,Male,Female,Richardsburgh
"54 Nolan forges
Hammondfort
E19 8GB",5682647424,Male,Female,East Maria
"3 Mary union
West Victor
LU8X 3TU",7813897354,Female,Female,Lake Gerald
"082 James isle
West Marie
G90 9LL",2932990790,Male,Male,Jessicamouth
"412 Garry green
North Hugh
N7K 9JA",4073151297,Female,Male,West Vanessa
"Flat 60J
Barton circles
Jamesshire
KY4E 9EZ",9689767857,Male,Male,South Margaretland
"866 Geraldine well
Farmertown
CH4 7UX",8739121197,Male,Male,Mannfort
"2 Natasha road
Lake Aimee
WN7M 3AN",4487744341,Female,Male,East Hayley
"Studio 8
Geoffrey trail
East Wayne
E3 3US",1339140270,Male,Female,South Carl
"41 Victor corners
Kingberg
G4 7HL",9456191643,Female,Female,West Kellyhaven
"3 Johnson oval
South Bethan
L9 1SG",4443999582,Female,Female,East Alexborough
"65 Shannon parkways
Phillipschester
N0 4EH",6715013377,Female,Male,South Michaelburgh
"Flat 8
Stanley hills
Clarkemouth
G3 3LA",7439729677,Female,Female,Sophietown
"Flat 44
Philip manors
South Cameronland
CH74 9YJ",4715560474,Female,Female,North Harry
"Flat 49
Max parks
Callumborough
M31 7GG",6772211601,Male,Male,Nolanville
"3 Maureen vista
Graemeberg
HX7 4FS",1962124376,Female,Female,New Louisfurt
"Flat 82
Wells roads
Morleytown
N6 5WQ",5095108532,Female,Male,Lake Roychester
"255 Marilyn harbor
Lake Ireneport
SG4P 1XH",7426812749,Female,Female,New Carl
"587 Gemma ford
Robinmouth
RH69 2HT",6612754652,Female,Male,Joshtown
"60 May valley
New Ross
L6T 7BB",1387751052,Female,Male,Johnsonstad
"9 Andrea plain
East Sandra
B7H 9FZ",4204013910,Male,Male,Harrisonland
"12 Howarth center
Lake Marcchester
S90 6DH",9626708028,Female,Female,East Stewart
"Studio 7
Diana trafficway
New Marilyn
SE9X 8DA",9072435267,Male,Female,Wilkinsonchester
"0 Oliver summit
Clementsstad
SA7B 4LQ",8732480029,Male,Female,North Francismouth
"Flat 42X
Debra ramp
Port Oliviastad
E85 3QH",2928827895,Female,Male,Harrisonmouth
"723 Hayley junction
Hussainmouth
SY8 0JZ",1588823353,Female,Female,Philipburgh
"Flat 6
Marilyn center
West Geoffreyfurt
SG1 7ZD",8451249426,Male,Female,Port Mandybury
"Flat 1
Moran mills
Joyceview
CB05 6PZ",2600549784,Male,Female,Phillipschester
"5 Sylvia port
Davisshire
LD4Y 7BD",1852127688,Female,Male,Craigton
"Studio 70
Stephen stream
Anthonystad
N3 2RZ",2831480592,Female,Male,Gloverchester
"Studio 48
Donna highway
South Laurabury
G5W 5ED",2940092153,Female,Female,Port Duncanport
"Studio 8
Rhodes islands
West Mohammadfurt
W1 7QU",4216474610,Male,Female,North Howard
"Studio 60S
Rees well
North Emma
SK03 1WX",9833687889,Male,Female,Lake Maryhaven
"97 Mary ford
Griffithsmouth
E2 0FY",7898512946,Male,Male,Lake Frankshire
"7 Leon ridges
New Jenna
TF35 0JU",6046807943,Female,Male,Lewishaven
"Flat 5
Fowler pine
Taylorville
DE25 4EL",371037937,Female,Male,Dennismouth
"36 Fox common
Readshire
NW3 2QW",7032554413,Female,Male,West Paulafurt
"Flat 4
Mitchell point
Duncanland
TQ92 0QZ",4701098510,Female,Male,East Susanshire
"Studio 09c
Margaret path
Ruthberg
PH8 0XN",8147569839,Male,Male,South Simonville
"Studio 76
Lewis ford
New Karl
LU39 3ES",8924856884,Male,Male,Lake Jordan
"5 Darren junction
Sophieburgh
SW11 5FL",5562229228,Female,Female,New Brendatown
"7 Kayleigh points
Katyfurt
HU4V 4YA",7569421919,Male,Male,East Kate
"86 Rachael hill
Port Callum
YO9 7ZZ",3704248887,Female,Female,Clarkmouth
"Studio 1
Smith orchard
Fionaside
L8 4TH",2000232442,Female,Female,North Jayne
"Flat 80F
Mathew branch
Howardside
M26 1FW",7106896888,Male,Male,Smithchester
"92 Russell keys
Michaelland
GL6N 1GG",528448500,Female,Female,Smithville
"Flat 20L
Daniels flats
Port Arthur
E04 2JL",5986955432,Male,Male,Cookland
"86 Jemma station
West Marilynport
G67 2UL",5064216236,Female,Female,Greenstad
"67 Ross trafficway
East Graceside
M27 7QY",4466846748,Male,Female,Port Christopher
"Flat 0
Justin river
Doyleland
B5E 5WQ",5644151569,Female,Male,Gerardborough
"4 Sarah hollow
Russellfort
BB6 4FG",5498357287,Female,Female,Shaneberg
"Studio 28
Amelia pike
East Dominic
L1A 1LU",7873328372,Male,Male,Patelmouth
"Studio 23O
Rachael curve
Chambersstad
E6D 9PS",9576223981,Male,Female,Kimside
"Studio 11
Paula fords
Longton
M8K 2XE",2850834903,Female,Female,McDonaldmouth
"0 Stacey parkway
Lake Kathleen
S63 6NQ",8877080559,Female,Male,Leeborough
"0 Goddard plaza
West William
WC34 9GE",6051076328,Female,Female,Port Louiseville
"Studio 75p
Charlie knolls
New Conor
ML8 3NA",6388329131,Female,Male,Warrenside
"Flat 23
Carr loaf
North Jason
W37 1WP",9308282570,Female,Female,Cookchester
"02 Debra stravenue
Lake Mathew
G8D 2GE",4308136376,Female,Male,Paigebury
"7 Heather via
Port Bryan
L2 6SW",4702007582,Male,Female,South Elliottview
"6 Maria junctions
Crosschester
G5K 8EX",9233079368,Male,Male,Toddborough
"5 Marcus vista
Birchtown
DT98 3UX",1360266774,Male,Male,New Phillip
"Studio 98
Russell parkways
New Emma
HX2B 5UR",7449592569,Male,Female,North Oliverville
"10 Judith pike
Port Justin
E6 4DS",998874256,Female,Female,Julianberg
"7 Vincent estate
Taylorfurt
B9 2US",6889244211,Female,Female,Barlowton
"Flat 65L
Miah views
Patriciaburgh
N68 1BR",4718633946,Male,Female,West Gemmahaven
"51 Christian way
Graemeberg
PH5 4EA",1737127532,Female,Female,Harrisonview
"6 Thompson plaza
Port Ellie
S5U 5QE",9804540688,Male,Female,Smithtown
"33 Murray trail
Greentown
LU1 8WQ",6029818161,Female,Male,East Jay
"Flat 02
Alexander canyon
Elliefort
B3J 0LP",4337429403,Female,Female,Clarkeport
"70 Jay parkways
Williamsport
HR6 8SP",7466835289,Female,Male,Foxmouth
"32 Carl village
South Ritaborough
HA5 1HA",4594964323,Male,Male,East Joanstad
"Flat 9
Leah path
Cookland
W3E 5YU",4734094966,Male,Male,Port Laurachester
"014 Bailey freeway
Stoneborough
B7 8JS",7656102082,Female,Male,Lydiabury
"41 Clare canyon
Smithberg
M2E 8GS",7137829022,Female,Male,South Helenville
"Flat 85
Karen roads
Gilbertbury
N1H 8FG",4636512638,Male,Male,South Kyletown
"02 Lynne keys
South Carole
G5 1BD",1071053099,Female,Female,Dominicfurt
"2 Wells groves
Eileenchester
WV3 9FQ",1398466228,Female,Female,Lake Suzanneton
"9 Hayley canyon
Lake Bethany
RM1B 4HD",2019393372,Male,Female,Declanton
"Flat 84w
Debra points
Port Linda
M46 7YN",5509467510,Male,Male,North Benjaminmouth
"Flat 6
Trevor fork
South Carlyberg
CR4 4GS",1913331843,Female,Female,Christianfurt
"3 Potter road
North Samuelchester
M81 0ZB",5994557786,Male,Male,Gailland
"3 Reid pines
Taylorside
G8 1SS",5872813010,Female,Male,Phillipston
"6 Callum prairie
Tracyborough
DD2V 5JX",8269619103,Male,Male,Leslieville
"6 Colin parkways
West Sharon
M0A 1YA",9803545685,Female,Male,Lake Hayley
"0 Mitchell manors
Robinsonberg
SE6 2GE",9873524998,Male,Female,Austinshire
"Studio 13z
Terence divide
West Emilyberg
LA9 9PB",5019619810,Female,Male,Sylviaborough
"754 Georgia villages
North Zoe
L27 7XL",4851169563,Male,Female,Rowleymouth
"Studio 70
Amelia brook
West Stephanie
PA6N 4BG",9317104918,Male,Female,Port Dorothy
"42 Grace stravenue
North Max
N4 2YW",3953527919,Female,Male,Suttonland
"Flat 3
Aaron villages
East Laurenland
BR3X 0WQ",6960135210,Male,Male,Rachelberg
"Flat 63
Williams points
Lake Deborah
L6 6PP",6093372532,Female,Female,Louisfurt
"Flat 95b
Carol manors
Lake Alanport
W99 2PW",9412382343,Female,Male,Bryanport
"Flat 9
Adrian village
East Ritaberg
E84 8YU",8785399055,Male,Female,Julianton
"3 Josephine canyon
Nicolaton
WN28 1EQ",8943425144,Female,Male,Robinville
"Flat 36G
West valley
Reecebury
L4 7HY",9855021138,Male,Male,Barkerhaven
"25 West summit
Lake Guy
IP4 5QH",9305919521,Female,Male,North Francescaside
"308 Gillian square
Gibbston
G63 9NJ",192151688,Female,Female,Harperfurt
"971 Howard shoals
Stephaniefort
DD0X 7UX",5192861344,Male,Female,New Melissa
"40 Thorpe ridge
Kennedymouth
L56 1SB",3025854909,Female,Male,North Stuartview
"84 Maureen valleys
Lake Jodie
ST8 1LR",162204696,Male,Male,Melissaport
"85 Gerard mills
Hutchinsonhaven
BH1V 6FT",4412744606,Female,Male,West George
"Studio 77
Peter knoll
East Suzanneberg
L18 6TQ",2771265733,Male,Female,South Nigelstad
"Flat 1
Vaughan hollow
South Declanport
L9J 7NS",2878318277,Male,Male,Lake Marionberg
"Flat 8
Gemma overpass
North Bradleyfort
G25 5YD",8858240559,Female,Female,Rebeccaview
"88 Holly place
New Melanie
M1F 4SF",9192777628,Male,Male,South Stanleymouth
"Flat 4
Nathan key
Tinaton
G63 3AA",7219283712,Male,Male,Kateside
"9 Phillips bridge
Rosieton
JE1 5XU",5750999592,Male,Female,Michaelland
"76 Maureen road
Stephanieside
NR8 0XG",5137482961,Female,Female,Lake Sheila
"2 Brown radial
Matthewtown
TR8R 0LA",1798234265,Female,Male,Victoriaborough
"Studio 1
Wilson brook
Austinfurt
E06 8XF",1290510373,Female,Male,Thomasfurt
"617 Williams center
Millsside
LD8 8LY",1006321749,Female,Female,South Nathanmouth
"006 Hill squares
New Guyburgh
WA6X 2EJ",2167126033,Female,Male,North Nicholasshire
"Flat 25V
Campbell road
Parkesbury
B11 1TS",4328627921,Female,Male,Ritatown
"Studio 8
Janet overpass
Clarkeport
CT76 2UB",6763387506,Female,Male,Graemeshire
"Flat 2
Armstrong rapid
Lake Bruceshire
BN8B 9JY",1939902160,Male,Female,Humphreysville
"0 Leah harbors
New Carl
LA44 0WY",2210841421,Male,Female,Gibbsmouth
"Flat 16
Green gateway
New Jillberg
W3S 2PN",7143347578,Female,Male,New Jordanchester
"Studio 82
Leslie extension
East Ben
B4 3BG",9411981885,Female,Female,Brownport
"Flat 52A
Dale pass
North Jeffreyside
RG9R 7XR",7633838082,Male,Female,Elliottfort
"Studio 13
Brandon trail
Baxterbury
FY9 9NG",9743586985,Male,Female,East Dominicborough
"Studio 14T
Hazel mountains
Littlechester
B6T 2AD",9863505878,Female,Female,Cameronville
"Flat 3
Vincent drive
Port Jacqueline
GU99 6HN",7931019062,Male,Female,Kevinborough
"8 Holden knolls
East Joanport
S6 3GS",5936516101,Male,Female,Reecestad
"0 Benjamin lane
Craigland
G4W 7XT",7255791060,Female,Male,North Aaron
"0 Duncan fields
Annettetown
RM8R 5JB",9489416936,Female,Female,Hollietown
"760 Patel prairie
Rileyton
GL7 5ZP",5564754544,Female,Female,Jacquelinemouth
"Flat 55
Caroline crescent
North Charlie
CR03 7UW",2302755999,Female,Male,East Hazelton
"Flat 75
Sandra cape
Port Hannahbury
G0 0SL",889267417,Male,Female,Port Raymond
"00 Adam gateway
Mariaport
PH8 6TU",5867887014,Male,Female,East Lee
"074 Payne shoal
West Lyndaview
BD83 0HN",6764840976,Male,Male,Port Lewisstad
"4 Helen forge
Parkeshaven
PR73 5DE",7077893381,Female,Male,Scottmouth
"Studio 8
Hayes river
Smithmouth
G61 0QA",3581351276,Female,Female,Port Louise
"Flat 1
Wendy island
Dennisview
OL1H 4DY",9037637458,Male,Male,Joannafort
"Flat 64G
Griffiths flat
Quinnview
W9A 2UN",7453922396,Male,Female,East Holly
"76 Pearson turnpike
Harperstad
S0J 3SB",2925440916,Female,Female,Simonfort
"Flat 2
Knight knoll
Shirleyhaven
W8S 6YQ",4379369401,Female,Male,East Paulashire
"5 Cole village
West Saraview
NN1E 2GZ",4426567376,Female,Male,North Amelia
"Flat 06
Jones isle
East Stanleymouth
M0 4ZD",3510342989,Female,Male,North Charlotte
"891 Thomas ridge
West Josephineburgh
L6 4RS",5577879250,Female,Female,Andrewmouth
"Flat 32
King springs
Lake Graham
MK91 1QQ",4957733832,Female,Female,Allenberg
"3 Jayne ranch
Port Sallyberg
WA4 7SW",8224400095,Male,Female,East Timothy
"Studio 1
Kelly knoll
South Marie
E3 4BT",1624509788,Male,Male,Lake Liamshire
"Studio 1
Dean extension
Boothport
M7E 7SH",8713019061,Male,Male,Aimeeville
"48 Murray forest
North Michaelbury
N36 0TS",8752270757,Female,Female,South Maria
"Studio 2
Denise keys
Bethborough
N1 0NA",4413176866,Male,Female,West Jane
"Flat 66T
Joseph corner
North Marie
RG7V 6SF",7574869327,Male,Female,Priceburgh
"Flat 97
Howard oval
Port Jamie
DA1W 3HU",4768882548,Male,Female,East Teresashire
"Flat 0
Ian mountains
Owensview
BD79 0SJ",844387385,Male,Female,Dianeland
"290 Melissa expressway
West Hollie
G7F 6DY",8579702010,Male,Female,Robertchester
"612 Woods squares
Port Lindseyfort
N5 2UW",3349411716,Female,Female,Port Justinstad
"681 Baldwin valley
Lake Howardport
SP48 3YX",1908538043,Male,Male,Reeveshaven
"Flat 7
Andrea glen
Petermouth
BN13 9BF",6772528864,Female,Male,Jillton
"Studio 4
Francesca mall
Evanston
B59 9UG",1079575653,Female,Female,Brandonchester
"Studio 98
Sinclair cape
Jacksonville
S4F 2TZ",6693258426,Male,Male,Marilynmouth
"Studio 7
Lauren gateway
Lake Leahfurt
ZE7 7FQ",845992544,Male,Female,West Abbiechester
"3 Dawn view
Leahfort
L24 6UT",9181776402,Female,Female,Ashleybury
"Flat 9
Smith unions
Coxview
G0G 4XH",6734934618,Male,Female,East Marieborough
"Flat 77W
Sheila cove
Keithtown
E1 1ZL",7477034171,Male,Male,Margaretside
"418 Eileen tunnel
Alanshire
FY5R 5TY",7783669636,Female,Female,Port Christineview
"Flat 8
Melanie springs
West Danny
W70 0ZE",2756015727,Male,Female,Port Diana
"12 Samantha knoll
South Helenmouth
E2S 4DW",9640742548,Female,Male,Kirstyfort
"Flat 77
King avenue
New Steven
SG5W 4PL",5422615344,Female,Male,New Maurice
"Flat 90
Duffy passage
North Katietown
E05 8YL",1686366081,Female,Female,Smithside
"874 Roberts village
West Oliviatown
SY2 0FD",8615577786,Female,Male,South Hazelton
"Flat 14s
Parsons island
South Kimberleyshire
OX2 8WU",9135460360,Female,Female,Lynnetown
"74 Guy station
Stewartland
M6A 8AF",1437594367,Male,Male,East Frederick
"Studio 26x
Chambers spurs
Aaronfurt
IG10 9UF",1046930111,Male,Male,Karenshire
"47 Victor points
East Ian
CV17 8YQ",4769234412,Female,Male,Carlyport
"301 Oliver underpass
Russellside
ML8P 7TQ",4100215447,Female,Male,Port Marian
"Flat 80
Ball spring
Perkinsside
OL50 0TL",7572890906,Male,Male,West Phillipberg
"Studio 80l
Cheryl trail
Port Keithberg
BS8 4XU",6064335830,Male,Male,Joshville
"Flat 16
Hall summit
Alichester
W6 8WB",8871418169,Male,Male,New Ellie
"Flat 09T
Allan garden
Burtonview
NW8V 2NQ",5161900246,Female,Female,Mohammadfurt
"Flat 3
Marc shoals
Anneland
W5T 6TY",3779066839,Male,Male,South Tracy
"Flat 90v
Chloe trace
West Hughmouth
LN8N 9DG",1846802602,Male,Male,North Juliaton
"1 Yvonne ferry
Hayleystad
N21 4GE",7050903088,Female,Female,Woodsstad
"032 Gray light
Grantland
HP3 0WR",1709147407,Female,Male,Donnaton
"8 Glen falls
Jacquelinehaven
B79 5LT",9211288729,Male,Male,West Jordanville
"Studio 98Z
Barry springs
Laneshire
G72 1GF",2781208783,Male,Female,Jonathanberg
"308 Yates pass
Tracybury
CH6M 3RB",735652580,Male,Female,Baxterchester
"71 Doyle oval
Marieshire
W2 4RT",3468428885,Male,Female,Jonesstad
"78 Coates corners
North Tracyview
B61 0NQ",1651140404,Male,Female,New Harriet
"5 Thompson points
South Owenfort
CR4 8BP",5810236183,Male,Female,Port Georgia
"716 Franklin manor
Powellburgh
IV02 1PS",7369975442,Female,Female,Wilsonton
"Flat 22
Simon turnpike
North Robert
CB31 0HQ",7283067317,Female,Female,Patelshire
"0 Deborah center
Thomaston
FY8 0HN",6915653965,Female,Male,Clairefort
"698 Reece island
South Kieran
M6 6DP",5043968827,Female,Female,Dohertyfurt
"723 Elliott station
East Justin
WD4W 1DJ",9036898615,Male,Female,Port Helen
"Flat 86
Adrian light
Leonville
N1K 6HP",2178363184,Female,Female,New Georgia
"441 Wilkins street
Lake Philipfort
N87 7UD",9116513708,Male,Male,Burgesschester
"506 Justin ridge
Gardinerville
E4A 2UW",8345687976,Female,Male,Edwardschester
"920 Brown squares
Sianbury
N07 1XN",4448111147,Female,Female,Lake Stephanieport
"Flat 3
Julie corner
Stephanieville
NR1V 0DF",8320086801,Female,Female,Port Sianport
"Studio 9
Lauren pine
North Michael
HP9B 4FT",7403371809,Female,Female,Port Kieran
"Flat 9
Marshall vista
New Janeburgh
SA85 7NY",7888008327,Male,Female,Port Marc
"Flat 79
Williams estates
West Hazelmouth
OL6Y 9PG",9097439027,Male,Female,South Samuel
"Studio 71
Jones river
South Ruth
LA8 7UQ",7127901979,Female,Male,Keithmouth
"Flat 45
John crest
West Jakefurt
G4 4AJ",3058880291,Male,Male,South Bethanyburgh
"Flat 58
Dawson ports
Prestonland
HU5 0SN",5603841285,Male,Female,West Joe
"3 Brown knoll
Port William
DG6 5WX",7622681223,Male,Male,Collinsbury
"Studio 77I
Bernard wells
Mitchellfurt
NP4 8ZW",3724868603,Female,Male,East Liam
"7 Woods ridges
Hughesburgh
G3 4ZF",1048657070,Female,Male,South Johnmouth
"Studio 90
Hartley greens
Denisestad
RH09 1QF",9158743953,Male,Female,Thompsontown
"Studio 42d
Hunt squares
Hillland
E2J 6GS",5455547501,Female,Male,Debrafurt
"54 Natalie village
East Colin
M9E 6TL",7508831568,Female,Female,Thompsontown
"0 Richardson trail
Stephanieport
G8D 6SD",3666298042,Female,Female,Webstermouth
"84 Harrison shores
Evansfort
UB6 7AH",5780077322,Female,Male,Williamview
"Flat 9
Stacey junctions
Jenkinsstad
E9B 5EP",9322626886,Male,Female,Michelleborough
"92 Noble stravenue
North Deanview
SK76 7GQ",1039468436,Male,Male,Port Derek
"683 Woods parkways
East Linda
NE2 5GN",7086905284,Female,Female,Leslieview
"Studio 1
Smith ranch
Conorton
HS7N 0QS",7280754737,Female,Male,West Danielchester
"4 Kaur spurs
Scottmouth
S7K 2NW",868916942,Female,Male,Port Roy
"181 Sanderson courts
East Andreahaven
G1G 8PH",5402811299,Male,Female,New Charleshaven
"Studio 07
Gavin throughway
West Victorborough
M1E 7JZ",1431274804,Male,Female,Bennettton
"43 Young springs
Charleneville
BD10 8DF",9043084106,Male,Male,Reidhaven
"74 Banks circles
New John
N3C 9ZQ",8517025725,Female,Male,New Sally
"267 Oliver coves
Batesville
DN44 9QQ",5018836950,Female,Female,Beverleyfurt
"Flat 1
Samuel turnpike
Deanchester
EC33 8EF",2007531030,Female,Male,East Scott
"Studio 31D
Ali isle
Victoriafort
M5C 5HL",2853221595,Female,Male,Lloydmouth
"Studio 47
Morris grove
West Hannah
M3 2WF",9476937980,Male,Male,West Harrietshire
"Flat 3
Joanne estate
Mollychester
G25 6QA",2608567249,Female,Female,Cooperhaven
"87 Mohammad manor
Jonesland
B60 0YP",9998564924,Male,Female,Lindseyville
"753 Diane lodge
Thomaschester
W83 3UY",3939616169,Male,Male,Melanietown
"545 Janet field
Atkinsborough
PO48 1BU",8782649778,Female,Male,Colinborough
"45 Elaine knolls
Lake Stephanieshire
E0C 6DA",4122718693,Male,Male,South Brendaton
"9 Wright village
Andersonborough
W3 8GG",4410417794,Male,Female,South Gemmafort
"Flat 39
May dale
Port Darren
CR0 4GS",3467447200,Female,Male,West Gareth
"067 Wilkins points
Sandraberg
HX4 7ZB",5620522908,Male,Male,East Maxview
"387 Mark plains
Port Donaldchester
G7F 6FG",6780656506,Female,Female,Anthonybury
"66 Barnett meadow
Judithtown
W29 2AH",1065399202,Female,Male,Lake Caroleville
"23 Janet plains
East Janiceland
GU6V 7DA",901577546,Male,Female,East Paige
"08 Nicola mountains
Dylanville
G4A 9SU",6934401293,Female,Female,North Colinstad
"Studio 85
Lynda valley
Port Sharonhaven
NR5 1ZU",5708199399,Female,Female,Rossport
"40 Carroll land
Hudsonborough
M93 4AX",9018176787,Male,Female,North Josephineview
"Studio 65
Lloyd points
New Mohammad
CW61 7WZ",4448126760,Female,Male,Port Marilynburgh
"Flat 36
Joe mission
South Sandraberg
SR11 1NH",705284842,Female,Female,Bradshawville
"Flat 84
Taylor mission
Duncanside
IM8B 2PX",2242152224,Male,Female,New Eileen
"25 Josh pass
Port Frederickfort
RM6 8EE",3264026390,Male,Male,Mitchellport
"Studio 34
Wallace rapid
Shaunborough
G95 3LZ",8850160647,Male,Female,Lake Gillianton
"Flat 85l
Richards mount
Lukestad
SE25 0HP",5705365479,Female,Female,Dixonchester
"Flat 6
Sam run
Lake Clivestad
NG89 1SE",9042606250,Female,Male,Gracebury
"Studio 82
Lee inlet
Vincentchester
DD4N 3TD",9907090148,Female,Female,Dominicstad
"Flat 04
Liam mountain
Kennethfurt
PH5 1WW",4925970452,Male,Female,North Steven
"98 Ricky drive
Geraldinefort
KY2P 7EL",1162105134,Female,Male,Hillton
"Flat 41
Jacob court
Smartshire
SW00 9HD",7139658013,Female,Male,Julianport
"Studio 98
Jennifer circles
Sheilaport
CM20 9WG",4733721546,Male,Female,East Kirstyville
"Studio 12B
Gilbert valleys
Coxport
BT8B 0EZ",7690045235,Male,Female,Palmerside
"28 George greens
Hayleyport
S6 3HW",4435261336,Female,Male,Davisberg
"9 Charlotte mountain
Douglasmouth
E7J 3BN",8763051271,Male,Male,Gregoryside
"6 Geoffrey views
Kellyberg
S6H 3BQ",8191017330,Male,Female,Ryanton
"Flat 9
Mills forest
Cameronmouth
N44 8YJ",6303322514,Male,Male,Garyside
"78 Fletcher walks
New Raymondstad
B22 0JS",4578128035,Female,Female,West Charles
"93 Caroline valley
Garyfort
IG28 6YA",8868344686,Female,Male,Annefort
"85 Moss junctions
Mauricefurt
DE94 4YB",1116697030,Male,Male,Port Jasmineshire
"Studio 56m
Aaron mission
Lynnemouth
S6A 8YU",7404921939,Male,Male,New Christine
"Flat 14U
Bailey mall
Port Francis
DL15 0UP",5998335318,Male,Male,Jonesfort
"Studio 12
Hussain inlet
Katherineside
OX41 4FH",2774248693,Female,Female,Alisonland
"Flat 54o
Harrison run
Riceton
B8G 5GQ",6050918502,Male,Female,Lake Alexmouth
"20 Stokes dam
Mathewfurt
L66 4UP",1671215580,Male,Male,Paynetown
"583 Charlie camp
Port Harry
S2W 4AY",1172772379,Male,Female,South Juliamouth
"91 Webb club
East Alexandramouth
EC49 8RL",177524726,Male,Female,Christiantown
"97 Alexander forks
Deborahtown
ME00 7HN",2738390427,Male,Male,Christineborough
"369 Claire hill
New Gary
NN73 6NR",3125347483,Female,Male,Louisetown
"Flat 03
Rowley vista
South Cheryl
SE8E 1JA",1445415330,Female,Female,Alanmouth
"Studio 9
Dobson haven
South Kyle
OL0M 8LB",300134576,Female,Female,New Gordon
"Studio 33s
Barrett crossing
New Georgiaborough
L91 4WB",3024465267,Female,Male,Lake Duncan
"1 Rosie garden
Lake Amber
M16 7QY",262175697,Male,Male,New Carly
"Studio 43r
Ben coves
Lindamouth
W6J 4JZ",3589889439,Female,Male,Barbermouth
"1 Smith ford
West Rachael
PA4 3JZ",7249387768,Male,Male,Hillchester
"2 Antony drive
North Marion
WV1P 7GW",7458411286,Male,Female,New Declanport
"Studio 63G
Eleanor neck
Cliffordshire
L52 2WL",1654607699,Male,Female,New Leigh
"Studio 57
Sophie summit
East Kimland
N3 3RF",2722548230,Male,Male,Jonesborough
"9 Morley rapid
South Mitchellhaven
G17 0PZ",4097249994,Female,Male,Fosterland
"Flat 8
Bryant lights
East Joycemouth
CM2 4YH",420974553,Female,Male,Blakefurt
"6 Lydia harbors
South Brett
E1G 1UL",9662035396,Male,Male,Port Phillip
"Studio 87O
Hazel forges
New Jayne
TQ11 8DP",7901095764,Male,Male,Liamton
"3 Phillip village
West Jacqueline
S2K 7GZ",4145184424,Female,Male,New Ann
"Flat 1
Ben divide
Andrewschester
B3 1LE",931007024,Female,Female,Gillfurt
"Flat 2
Kelly row
Amyburgh
TF47 9GR",506831126,Male,Male,Martinmouth
"315 Price turnpike
East Stuart
NW06 9AW",498703137,Male,Male,Mariafurt
"Studio 85i
Taylor plain
Williamsberg
B17 2LZ",8471833070,Female,Male,North Ronaldstad
"Flat 72h
Albert track
New Frank
CB2P 2BZ",7563494340,Female,Male,Hollandborough
"766 O'Sullivan street
Georginachester
M6W 6XU",8473189317,Female,Female,Bradleyberg
"Studio 3
Damian isle
Carolchester
N3 7WU",9650948394,Female,Female,Liamton
"2 Clifford underpass
North Sharontown
E9F 2ZU",8566317908,Male,Female,Port Dominicborough
"7 Jones grove
Thomaschester
B23 6YY",9378355815,Male,Male,Armstrongfort
"Studio 8
Hunt rest
North Joe
G6 7PL",6741493437,Male,Female,East Jack
"Flat 48
Bartlett flats
Kyleview
G3 0EF",5711726450,Female,Female,South Steven
"7 Deborah shore
North Markside
WC03 3TX",2321795531,Male,Male,Port Jodie
"8 Bell prairie
South Teresaville
WF76 9BP",1629624981,Female,Female,East Alex
"Flat 6
Anthony locks
Andersonburgh
UB3N 8SE",9074026429,Female,Male,West Danielle
"60 Banks harbors
Adamtown
SG74 9YQ",8943725215,Female,Female,Billyfurt
"Flat 17
Nicola camp
Anthonyshire
G62 5LJ",5729998649,Male,Male,Mollyton
"Studio 43
Singh parkways
Paynechester
SE5W 1RE",9425815214,Female,Female,East Danielleview
"60 Mitchell port
Kayleighchester
PO0 5YF",4982411307,Female,Male,Leeview
"Flat 1
Lewis common
Goughside
NG7 1FQ",317364994,Male,Male,Jonesberg
"569 Teresa via
East Gordonburgh
E4 1JF",6760558131,Female,Male,North Gavinchester
"Studio 0
Ben lodge
Connorland
SM92 6YU",921866716,Female,Male,Port Samton
"48 Bird roads
Port Tobyfurt
E3 1ZD",5116529615,Male,Female,South Paige
"79 Walker plains
Waltersland
TA8 5AH",5578227256,Female,Female,Jonesside
"4 Kay creek
Richardborough
E9A 0BA",8548404650,Female,Male,Debraberg
"510 Martin stravenue
West Annestad
E6U 5YT",4070298249,Male,Female,Fisherburgh
"635 Kathleen spurs
Dennischester
G0 0BB",110817418,Male,Female,Lake Melissabury
"2 Wendy squares
Craigville
RM2M 3NX",8857024963,Female,Male,Port Sarahhaven
"Flat 06
Parker stravenue
Amandabury
BR8 5BX",8940305830,Female,Male,Jordanmouth
"8 Slater mission
Port Victoria
G3 7WR",7275290477,Male,Female,Mauriceview
"Flat 58z
Cook land
Oliverbury
WF3 1UY",3950294991,Male,Female,Kennethmouth
"Flat 4
Ashleigh vista
Daviesmouth
G6S 0NA",838207254,Male,Female,Freemanside
"Studio 83F
Iain meadows
Blackburnshire
DG86 5XN",9690421491,Male,Female,North Lyndaside
"Studio 25
O'Donnell neck
Petermouth
L2G 7FT",1707068910,Male,Female,Port Michellechester
"Studio 64
Declan ports
New Chloe
N33 2RZ",9145815022,Female,Female,New Lindaburgh
"Flat 71
Frank crest
New Samantha
WS11 2SN",7630561742,Female,Female,Colinland
"6 Dorothy orchard
Lake Gregoryborough
L7 1EU",4131521952,Male,Female,Port Colinburgh
"929 Farmer ranch
Port Phillip
BR3W 3JR",1992208260,Male,Male,New Nicola
"Studio 5
Kelly lakes
Stevensfurt
SG45 2YW",7933546830,Female,Male,North Tom
"0 June green
South Hannahfurt
G5 6AE",4194327626,Male,Female,Smithstad
"Flat 3
Joan heights
Lake Trevor
CO26 7YD",4083722486,Female,Female,Mooreside
"Flat 74I
Antony throughway
Stevenburgh
BD5N 1NR",5505025923,Female,Female,Ronaldburgh
"Studio 0
Hussain plaza
East Maureenville
TR0 4TL",2926327527,Male,Female,South Mathew
"Flat 52
Lawrence junction
Holliemouth
N50 4RZ",6150235292,Female,Female,North Holly
"6 Hughes drives
Gilliantown
LN7Y 4EN",4610970074,Male,Male,North Neil
"494 Kim loaf
Port Kyleport
LN8 9QW",1740011734,Male,Male,New Natasha
"Flat 23M
Megan mountains
Lake Garethborough
SN53 0SW",312826776,Female,Female,South Lindseystad
"Flat 2
Laura drive
South Jordan
WR8 6LT",6671188978,Female,Male,Port Donna
"Flat 4
Coles harbors
Palmerside
FK29 1FA",5145984338,Female,Male,South Katie
"Studio 86x
Kate course
Fionamouth
IV3 7RE",9684460756,Female,Female,Banksshire
"Flat 70C
Patel islands
Dennistown
S5 9HA",8976988371,Female,Male,Edwardstown
"Studio 0
Jodie meadow
Lake Karen
L77 1YL",4857809574,Female,Male,Lake Amelia
"Studio 59
Irene ridge
East Kennethland
E6G 4RW",1975764885,Male,Female,South Toby
"0 Carl isle
Bradleyton
WV88 2RZ",6885982939,Male,Female,New Raymondbury
"Studio 29H
Mason village
West Luke
FY5 3AH",9173276413,Male,Female,Stevensontown
"645 Damien alley
South Stuart
L5J 1AG",8333489566,Male,Female,Carolinemouth
"Studio 01a
Walker walk
Youngbury
L51 3FS",3353425452,Female,Male,Hopehaven
"08 Ross manor
Maryville
SM91 9YY",8620619115,Male,Male,Port Declanstad
"3 Henry island
Clareburgh
S4 1YL",6706730796,Female,Female,Katherinechester
"Flat 64n
Johnson rest
South Kevin
TD8 6LW",7150504738,Female,Female,Abbiechester
"Studio 32f
Roberts falls
East Kayleighburgh
L1 0HU",9654938252,Male,Female,Dorothyton
"Flat 0
Aaron square
Wrightton
BH45 0UR",533792163,Female,Male,Whiteheadberg
"41 Dominic extensions
Joneschester
L6W 0BQ",5309173364,Female,Female,East Joantown
"Flat 65F
Hill summit
Warnerberg
B33 7PU",9829173887,Male,Male,Williamsburgh
"Flat 54B
Charlene river
Port Sharonfort
ZE6H 3QE",1770131096,Male,Female,Pearcehaven
"Flat 5
Wells hills
Lake Samuel
N10 2ZR",3315520415,Female,Female,Geraldineport
"72 Hamilton plains
Morganshire
NR4B 6EU",4783261460,Female,Male,Ritaport
"Studio 74Q
Francesca spurs
West Donald
HR2 0JS",2367268811,Female,Female,Helenborough
"Flat 49
Hilary harbor
East Mandy
PL9 3UH",6442585436,Male,Male,Thompsonport
"972 Wood crossing
New Jaynechester
G53 1LY",3393262153,Male,Female,Port Hugh
"Flat 11
Holmes circle
Elliotland
B2H 8FL",3779642944,Female,Female,Port Deborahchester
"Flat 0
Stewart cliff
Saratown
S0 6HH",8087843023,Female,Female,Parsonschester
"100 Smith squares
West Samuel
SL83 9AZ",1737825346,Female,Male,North Jessica
"825 Dennis inlet
West Keithville
E1 7DS",8043253127,Female,Male,West Richardfort
"Flat 02
Bond spur
New Dennisshire
B9 3ZQ",3904303722,Male,Female,Georgiaton
"Studio 70
Francis vista
Lake Mauriceland
WA56 7QL",287726,Female,Male,Rossburgh
"Flat 4
Miah walks
East Rhys
E72 1HB",4008030381,Female,Male,Port Alice
"Studio 75
Sheila walk
South Dawn
L6B 5GD",7232397929,Male,Female,Sallytown
"Studio 16
Ahmed flats
Sylviaton
S66 8PD",4303897065,Female,Female,Abdulton
"5 Glen corner
Millsborough
L2H 6DF",2951094725,Male,Female,Lynnetown
"Studio 90
Antony passage
Port Brenda
M30 7NW",9452892340,Male,Female,Julianport
"Flat 70K
Naomi wells
East Graemeberg
SG7W 3QZ",7390343637,Female,Female,Lake Darren
"Studio 8
Thompson river
Evanston
L51 0YH",5277672828,Female,Female,Port Angelastad
"96 Richardson lock
New James
HD9 0PA",2092528738,Female,Male,South Joanneland
"Studio 91s
Akhtar hill
South Hilaryport
M9 0TT",4433831187,Male,Female,Millerland
"6 Fiona lodge
Milesborough
E19 5ES",3007001062,Male,Female,Damienbury
"Flat 36
Howells manors
Stokesland
N7G 3YY",3336157713,Male,Male,South Brianmouth
"3 Luke freeway
West Ireneberg
GY0M 6JB",927772162,Male,Female,West Declanside
"Flat 55
Crawford radial
Pooleton
W6K 7GP",5211708049,Male,Female,Brandonfurt
"7 Smith loop
West Nicholas
B97 4YN",1805526024,Female,Male,North Ann
"4 Roberts walks
Abdulton
S5K 1BS",3366951496,Male,Female,Hilaryport
"Flat 98
Megan junction
Marsdenstad
MK72 1LT",178776281,Female,Male,Foxbury
"746 West roads
Smithberg
N1K 1YR",8627395114,Male,Female,West Clarechester
"0 Ricky square
Lawshire
G0 6AG",6864171972,Female,Female,Port Julia
"72 Shaun trail
Port Chelsealand
CV3R 1RJ",1796024542,Female,Male,Phillipsside
"9 Debra canyon
Howellsmouth
S13 1YX",5680147419,Male,Male,Millerburgh
"79 Vincent overpass
Port Brett
M52 8TU",4418465135,Male,Female,Wardville
"8 Williams pines
Harrietchester
M89 9FH",6858100709,Female,Male,Clairehaven
"Flat 02
Yvonne glen
South Reeceland
W33 5JR",9668593631,Male,Male,Abigailburgh
"Flat 40i
Bradley way
Readport
ST2 3JD",2064392545,Male,Male,Simonland
"Studio 46
Bennett mall
Port Neilville
TW6 7ZS",7849869320,Male,Female,Brettton
"Flat 5
Dennis villages
Hunterville
B22 1DX",5548238357,Female,Male,East Jade
"559 Morris branch
Aaronhaven
OX91 4QR",1413193790,Female,Female,Juliamouth
"7 Victor ferry
Williamshaven
OX6 5XU",1725537644,Female,Female,Janefort
"056 Anna ridges
Cliveborough
L97 3SY",5328250251,Male,Male,Port Ann
"Flat 47
Patel lock
North Trevorchester
M2 6TA",1799848901,Female,Female,East Harriet
"591 George cape
Watsonton
DL24 5NR",3569140614,Male,Male,Jamesshire
"497 Deborah curve
Gibbsstad
M8T 2WD",6589811922,Male,Female,Lake Leslieview
"53 Wright path
Jeanbury
S06 8JQ",2780325619,Male,Female,South Lisa
"215 Miller islands
South Brian
WN70 4PB",2531007440,Male,Male,Port Hazelland
"113 Ali mill
North Jenna
MK97 5ZF",5686474763,Male,Male,Port Antony
"82 Mark center
Lewisberg
G7 0JG",2870860990,Female,Male,Lukeview
"Flat 39
Ronald flats
Aimeebury
L5K 4RX",3766584122,Male,Female,Doyleton
"Studio 81
Carter pass
New Josephineborough
PL0 4LT",630478967,Male,Male,East Howardview
"Studio 3
Green views
Henryshire
L3D 4HT",8102092996,Female,Female,South Royburgh
"1 Dominic fields
South Sarah
CM12 9AA",1406813666,Male,Male,Port Wendychester
"42 Martin spur
North Vanessastad
L8C 5JA",2182364822,Male,Female,Nathanton
"969 Stuart village
Port Katherinefort
TN7 3PD",7264078154,Male,Male,Lake Ellieside
"Flat 4
O'Neill vista
Callumshire
JE43 6AH",7560091733,Male,Female,Lake Edward
